t,x,y,well_distance,speed,spin,orientation,orbital_L,max_strain,max_compression,rms_displacement,mechanical_energy,dissipated_energy,energy_balance_error
0.0,4.624995573702129,0.0051561129131475385,4.624998447812135,0.6186921063393102,0.07982607756618927,0.3506659416037651,2.861449512760333,0.00013059641956658652,0.00034340089990525513,0.00013283655775819838,-1.7603617656503177,4.996962017067384e-05,4.996962017056461e-05
0.03333333333333333,4.624889365009323,0.02577340691359526,4.624961178980886,0.6183656865301674,0.07913245403399366,0.3533152402716701,2.8599043024024775,0.003139131868011402,0.00834623738952367,0.0033097314251524217,0.8560323723138845,0.014053383919448183,2.6304475218836503
0.06666666666666667,4.624641613918914,0.04637877496495188,4.6248741656349734,0.6180495018816882,0.07844216568440598,0.35594147361867506,2.858359004382872,0.00972411517863625,0.026119847621256853,0.010677341066596612,6.850284428757682,0.08663269708287703,8.697278891490877
0.1,4.624252406451151,0.06697158594745602,4.62473734517903,0.6177435658123719,0.07775525165090691,0.35854475346927767,2.8568136021818966,0.01924881093403208,0.05226125939890269,0.022158276089914122,16.03306205682887,0.26322200921949124,18.056645831698678
0.13333333333333333,4.6237218307730625,0.08755120933256724,4.624550657374508,0.6174478908961489,0.07707175121636266,0.361125192954923,2.855268079217279,0.030988336720495613,0.0850960002132185,0.037649814059770054,28.157633209704628,0.5844458252020772,30.50244080055702
0.16666666666666666,4.623049977194049,0.10811701517220797,4.624314044331726,0.617162488860595,0.07639170381029942,0.3636829065189382,2.8537224188451473,0.04417333955952507,0.12280196193240422,0.05702487605855055,42.92607507886164,1.0853530558318938,45.771789900343855
0.2,4.622236938161893,0.12866837408799858,4.624027450502287,0.6168873705852009,0.07571514900603124,0.36621800992137354,2.8521766043611416,0.05803187512916552,0.16380219225239168,0.0801331248686396,59.996503397446766,1.7948936200469703,63.55175878314405
0.23333333333333334,4.621282808259205,0.1492046572604911,4.623690822671895,0.6166225460996984,0.07504212651763943,0.36873062024374537,2.850630619001587,0.07182742942185316,0.2061024431370334,0.10680216637382371,78.99118263286655,2.73560150677771,83.48714590529458
0.26666666666666666,4.620187684200286,0.16972523641840717,4.62330410995354,0.616368024582443,0.07437267619680143,0.37122085589367637,2.8490844459447153,0.08565765502572864,0.24791844149451658,0.1368388400211742,99.50534671361352,3.9234454807603587,105.1891539600242
0.3,4.618951664828423,0.19022948382788557,4.62286726378107,0.6161238143588559,0.0737068380294669,0.37368883660942676,2.8475380683119615,0.09843622859902457,0.2875814456716963,0.17003058755388215,121.11652794501703,5.367815152177754,128.2447048628451
0.3333333333333333,4.617574851113604,0.21071677228174496,4.622380237903158,0.6158899228999271,0.07304465213237968,0.3761346834643127,2.8459914691693107,0.10929163544195963,0.3235776353938171,0.20614689152369733,143.39416724450834,7.0716210731862885,152.22615008334495
0.36666666666666664,4.616057346150669,0.23118647508876755,4.621842988377637,0.6156663568207774,0.072386158749443,0.3785585188710063,2.8444446315287113,0.11758805680533835,0.3562372306908268,0.24494077651497728,165.90926785461394,9.031498051275006,176.70112767153927
0.4,4.614399255157867,0.2516379660630086,4.621255473566226,0.6154531218792855,0.07173139824792675,0.3809604665857109,2.8428975383495474,0.12276512832454134,0.3843701046709007,0.28615036692904666,188.24385844458797,11.238107307761338,201.24232751799963
0.43333333333333335,4.612600685475853,0.27207061951313793,4.6206176541296475,0.615250222974778,0.0710804111145148,0.38334065171220866,2.8413501725401797,0.12435587999015385,0.40580165245874367,0.3295004959434027,210.00004669939122,13.676533617759535,225.43694208280107
0.4666666666666667,4.6106617465670965,0.29248381023181835,4.619929493023121,0.6150576641467842,0.07043323795119072,0.3856992007057725,2.8398025169595447,0.12607888647535204,0.4196683027264072,0.37470436119005984,230.80846609438748,16.32676836616236,248.89559622620015
0.5,4.608582550015718,0.3128769134851268,4.619190955492244,0.614875448573857,0.06978991947096054,0.38803624137693876,2.838254554418823,0.12649099942100428,0.42535031547255175,0.4214652241390566,250.3359422504156,19.164260790393747,271.2605648064597
0.5333333333333333,4.606363209527739,0.3332493050020234,4.618402009069265,0.6147035785724616,0.06915049649341075,0.39035190289513433,2.8367062676831685,0.12418123101778011,0.42250464413087196,0.469478152505463,268.29222767959004,22.160511657599397,292.21310110283974
0.5666666666666667,4.604003840931764,0.35360036096387404,4.617562623569735,0.6145420555959304,0.06851500994010039,0.39264631579215326,2.835157639473505,0.12294951659242215,0.4130645408911853,0.5184318084253533,284.43567114726824,25.283681728248357,311.47971464116694
0.6,4.601504562180065,0.37392945799403227,4.61667277108955,0.6143908802334893,0.0678835008297859,0.39491961196547676,2.833608652468392,0.1346014575165433,0.40176024444325165,0.5680102893418919,298.5776959318021,28.499197082345873,328.8372547797983
0.6333333333333333,4.598865493350104,0.3942359731474846,4.615732426002382,0.6142500522093516,0.06725601027347733,0.39717192468143103,2.8320592893059535,0.14625503590513378,0.3837506835928389,0.6178950323412695,310.5859575460772,31.77035721601562,344.11667652774315
0.6666666666666666,4.596086756646449,0.4145192839005667,4.614741564957491,0.6141195703818831,0.0666325794693248,0.39940338857817786,2.830509532585871,0.1578256670581255,0.3597260897458695,0.6677667940540638,320.38604024564233,35.05898495008642,357.2053869613791
0.7,4.593168476403129,0.43477876814075384,4.613700166877929,0.6139994327428399,0.06601324969733446,0.4016141396685319,2.828959364871457,0.1692205472010624,0.3306318808025114,0.717307714727161,327.96154634551783,38.32618481924878,368.04809293041694
0.7333333333333333,4.590110779086385,0.45501380415653236,4.61260821295913,0.6138896364166754,0.06539806231391257,0.4038043153425983,2.8274087686917735,0.1803329125250852,0.2976384873239888,0.7662034644840503,333.35244887923074,41.533277495021956,376.646088139903
0.7666666666666666,4.58691379329785,0.4752237706273571,4.61146568666789,0.6137901776599223,0.06478705874623716,0.4059740543702268,2.8258577265438483,0.1910365999607293,0.2678516415691645,0.8141454502886397,336.6516103004113,44.64293621059141,383.054908276653
0.8,4.583577649778128,0.49540804661369997,4.61027257374173,0.6137010518606469,0.06418028048645644,0.4081234969032741,2.824306220894933,0.20118205153099322,0.25595520530884,0.8608330285496157,337.99932659377964,47.620471043959306,387.38015940338926
0.8333333333333334,4.580102481410795,0.5155660115471953,4.609028862188651,0.6136222535379764,0.06357776908571319,0.4102527844776709,2.8227542341848464,0.21059479486218602,0.2634768539821085,0.9059755915858452,337.5752376525128,50.435114655394294,389.7707140735574
0.8666666666666667,4.576488423226805,0.5356970452208875,4.607734542287279,0.6135537763417009,0.062979566147995,0.4123620600152859,2.8212017488283805,0.2190768063488544,0.26993095855058,0.9492941154182241,335.5843489443233,53.0610869723632,390.40579768233687
0.9,4.5727356124093035,0.5558005277795857,4.606389606587393,0.6134956130519499,0.06238571332380926,0.41445146782558295,2.81964874721778,0.2264084707132792,0.2752062712957771,0.9905206016158413,332.2304754648441,55.47817962244188,389.4690168529363
0.9333333333333333,4.568844188298853,0.5758758397103318,4.604994049910845,0.6134477555789426,0.061796252303683324,0.4165211536070636,2.818095211725284,0.2323396703873346,0.27916470386009484,1.0293942894176902,327.7400746069384,57.672263493114954,387.17269986570363
0.9666666666666667,4.564814292399064,0.5959223618329867,4.603547869352873,0.6134101949628141,0.06121122481148907,0.41857126444849063,2.8165411247057475,0.23656597086218256,0.2816110348969446,1.0656696143500526,322.459171127294,59.637718310800246,383.85725120374457
1.0,4.560646068382622,0.6159394752909393,4.602051064283788,0.6133829213735158,0.06063067259759221,0.42060194882988583,2.8149864684993213,0.2387346678851665,0.2823015475736208,1.0991305941584344,316.73203409048585,61.37791669000583,379.870312546142
1.0333333333333332,4.556339662097731,0.635926561541945,4.60050363635107,0.6133659241107917,0.06005463743182603,0.42261335662329647,2.8134312254342135,0.23848251952828226,0.2809861962307716,1.1295890696171247,310.8511052894253,62.901851777977946,375.5133188330535
1.0666666666666667,4.551895221574947,0.6558830023490988,4.59890558948184,0.6133591916042284,0.05948316109629003,0.4246056390933247,2.811875377829506,0.23547474747462993,0.2774450962974895,1.1568815214009107,305.07999879560873,64.2218778371399,371.06223839839896
1.1,4.5473128970344225,0.6758081797719465,4.597256929885718,0.6133627114133825,0.05891628537797356,0.42657894889741427,2.8103189079980573,0.2294399951257824,0.27151653272414833,1.1808682466328173,299.6578821181803,65.3530177698081,366.7712616536387
1.1333333333333333,4.54259284089354,0.6957014761577427,4.595557666058093,0.6133764702279806,0.05835405206120487,0.428533440085888,2.8087617982494586,0.22019984915508783,0.2631183324216161,1.2014333053150905,294.796039513044,66.31301050056267,362.86941177925695
1.1666666666666667,4.537735207774946,0.7155622741328574,4.593807808783746,0.6134004538681964,0.057796502919926225,0.4304692681017311,2.8072040308930757,0.21270201360902163,0.26185776601975463,1.2184846672023537,290.67302679666705,67.12251405216834,359.5559026144857
1.2,4.532740154514983,0.7353899565943394,4.592007371140897,0.6134346472850002,0.05724367970979575,0.43238658978011363,2.805645588241138,0.20963277335738617,0.2786397812573882,1.231954387963486,287.4302726057278,67.8050971727338,356.9957315441119
1.2333333333333334,4.527607840172511,0.7551839067016387,4.590156368505624,0.6134790345605845,0.05669562416011661,0.4342855633476472,2.8040864526119234,0.20483645264200412,0.2955540468180651,1.2417987429249344,285.1687397323665,68.38688591441863,355.3159874124354
1.2666666666666666,4.5223384260381225,0.7749435078684977,4.58825481855667,0.6135335989088624,0.05615237796559478,0.43616634842136953,2.8025266063329854,0.19828494026963028,0.3124069573626912,1.247998278304757,283.94681492922496,68.89591900486111,354.6030956997364
1.3,4.516932075643749,0.7946681437550115,4.586302741280647,0.6135983226760399,0.05561398277792625,0.4380291060074517,2.800966031744464,0.1899916370520922,0.3426005830609702,1.2505577561051122,283.7794188412991,69.36135135328757,354.901131960237
1.3333333333333333,4.5113889547726505,0.8143571982598657,4.58430015897763,0.6136731873412621,0.05508048019721495,0.43987399849962205,2.799404711202463,0.1800177397931937,0.37619101745759553,1.2495059800202624,284.6382824584218,69.81263686323724,356.2112810873094
1.3666666666666667,4.505709231469801,0.8340100555127574,4.582247096267134,0.6137581735173299,0.054551911763222743,0.4417011896773006,2.797842627082484,0.16847574300829282,0.40503594733012693,1.244895497421067,286.4533443839145,70.27876772991249,358.4924738794773
1.4,4.4998930760526425,0.8536260998670014,4.580143580094478,0.6138532609514898,0.0540283189464531,0.4435108447034401,2.7962797617829374,0.15891999115872413,0.4285480382778797,1.2368021771916589,289.11523176496,70.78759407206081,361.66318760267114
1.4333333333333333,4.493940661122241,0.8732047158923308,4.577989639737557,0.6139584285262961,0.053509743139069865,0.44530313012206646,2.7947160977287147,0.16930795435397383,0.44793066123010594,1.2253246655739394,292.478774222176,71.36521863675796,365.6043546245843
1.4666666666666666,4.487852161574805,0.8927452883678946,4.575785306813982,0.6140736542605405,0.05299622564565316,0.44707821385551383,2.7931516173748268,0.17457797795789176,0.4994572629289006,1.2105837228458183,296.3674667697825,72.03545697621078,370.16328551164355
1.5,4.481627754613596,0.9122472022754587,4.57353061528862,0.6141989153102543,0.05248780767379412,0.44883626520134884,2.7915863032101065,0.17466340792844526,0.5491498942115596,1.1927214429599082,300.578760411239,72.81936095615173,375.15848313304105
1.5333333333333332,4.475267619761207,0.931709842792816,4.571225601481528,0.6143341879697781,0.05198453032453082,0.4505774548289787,2.7900201377609744,0.17679773195634674,0.5927117009771345,1.1719003562649157,304.890035924653,73.73480682788602,380.3852045181893
1.5666666666666667,4.468771938872212,0.9511325952874087,4.568870304076257,0.614479447672899,0.051486434582627257,0.4523019547759381,2.7884531035952627,0.1831256432251338,0.6292685000219919,1.148302412251143,309.0651182534688,74.79613851464461,385.62161853376375
1.6,4.462140896146201,0.9705148453101713,4.566464764128575,0.6146346689940557,0.05099356130669819,0.454009938443849,2.7868851833261123,0.19163876820637116,0.658094509851794,1.1221278356916038,312.86121290542525,76.01383463989093,390.6354093109665
1.6333333333333333,4.45537467814117,0.9898559785895968,4.564009025075553,0.6147998256496099,0.05050595121918202,0.4557015805940493,2.7853163596159187,0.1988162154145623,0.6786076093679507,1.0935938475789475,316.0361716399837,77.39415120987233,395.19068461550637
1.6666666666666667,4.448473473787283,1.0091553810260327,4.561503132745049,0.6149748904991809,0.05002364489616461,0.4573770573428844,2.7837466151803443,0.20470944814073955,0.6903622186230574,1.0629332450209168,318.35598823521866,78.9387078851203,399.05505788598924
1.7,4.441437474401005,1.0284124386862115,4.558947135365588,0.6151598355470458,0.049546682757056704,0.4590365461566572,2.782175932792387,0.20932313382583245,0.6930438152104296,1.0303928448268826,319.6023529606565,80.64405537987408,402.0067701061809
1.7333333333333334,4.434266873699587,1.0476265377980218,4.556341083576622,0.6153546319436015,0.049075105054128154,0.4606802258462313,2.7806042952865067,0.21260025695877005,0.6864683865583557,0.9962318144718431,319.5799527295199,82.5013722631683,403.84168675833854
1.7666666666666666,4.426961867815918,1.0667970647455245,4.553685030439179,0.615559249986888,0.048608951861901895,0.46230827656128387,2.779031685562807,0.21441661749477747,0.6705890269620741,0.9607199368712804,318.1230469553044,84.49652649198379,404.3799352129385
1.8,4.419522655313733,1.0859234060642184,4.550979031446911,0.6157736591241734,0.048148263066411054,0.46392087978420177,2.7774580865912792,0.21458586925397327,0.659247856801463,0.9241358712722978,315.1007866938796,86.6107069571543,403.47185541668426
1.8333333333333333,4.411949437203171,1.1050049484365632,4.548223144537509,0.615997827953595,0.047693078354322634,0.4655182183236178,2.7758834814160838,0.21287535152995796,0.6491015188239613,0.8867654675986575,310.42088302453254,88.82163752197681,401.00288231215967
1.8666666666666667,4.4042424169566985,1.1240410786877615,4.5454174301045365,0.6162317242258613,0.04724343720193139,0.46710047630758195,2.7743078531599004,0.20903177723926525,0.6412700246611592,0.848900155207141,304.03157421491494,91.10510513891386,396.8970411194791
1.9,4.39640180052536,1.14303118378181,4.542561951009614,0.6164753148460081,0.04679937886402753,0.4686678391763641,2.772731185028324,0.20281433803553073,0.6290538661358919,0.8108353597785024,295.92223521321364,93.43633977360855,391.1189367524725
1.9333333333333333,4.3884277963553995,1.1619746508178177,4.539656772595027,0.61672856587521,0.04636094236264239,0.4702204936748833,2.7711534603142995,0.21887507885622925,0.6129145025763146,0.7728688188008752,286.1231800182549,95.79082738249059,383.6743691663958
1.9666666666666666,4.380320615405214,1.1808708670266044,4.536701962696699,0.6169914425326458,0.04592816647567587,0.4717586278447597,2.769574662402627,0.23746099462201586,0.5934111671521217,0.735298590196315,274.7050953254296,98.14441787962238,374.6098749707023
2.0,4.3720804711626435,1.1997192197675792,4.533697591657552,0.6172639091974154,0.045501089725409984,0.4732824310159862,2.7679947747744835,0.25486174309281995,0.5711860085536657,0.6984205010310661,261.7782076500456,100.47294921544413,364.01151863114006
2.033333333333333,4.363707579662611,1.218519096525906,4.53064373234127,0.6175459294105073,0.045079750366912925,0.4747920937982146,2.766413781012018,0.2705528547972469,0.5469461237428984,0.6625247775177083,247.49096266790517,102.75184242886273,352.0031668624182
2.0666666666666664,4.355202159505089,1.2372698849099615,4.527540460146425,0.6178374658768163,0.04466418637633802,0.47628780807165366,2.7648316648029705,0.28404806611931477,0.5488140404218532,0.6278916515462498,232.02783151694146,104.95611302565807,338.74430630824986
2.1,4.346564431873404,1.25597097264909,4.52438785302101,0.6181384804672058,0.04425443543912228,0.477769766977576,2.763248409945334,0.2948948466453245,0.5517701276279242,0.5947858938589349,215.6057329543725,107.06101465530669,324.4271093753295
2.1333333333333333,4.337794620552864,1.2746217475916617,4.521185991477346,0.6184489342206191,0.04385053493808948,0.4792381649084292,2.7616640003520643,0.30266462819027196,0.5663027477063501,0.5634505025751467,198.46835362752597,109.04321602164497,309.27193141482127
2.1666666666666665,4.328892951949719,1.2932215977034371,4.517934958607371,0.6187687873462338,0.04345252194146243,0.4806931974975492,2.760078420055817,0.30696058435692863,0.5964366502403734,0.5341000232964693,180.87829369410142,110.88219514900823,293.52085060876
2.2,4.319859655110442,1.3117699110662457,4.514634840098327,0.6190979992256579,0.04306043319078985,0.4821350616084729,2.7584916532137265,0.30746094111605615,0.6260327463532546,0.5069139405165245,163.10956280882073,112.56153912958968,277.4314637040607
2.2333333333333334,4.3106949617413255,1.33026607587698,4.511285724248818,0.6194365284151695,0.04267430508879283,0.4835639553238465,2.7569036841122125,0.3039800111918308,0.6557067183730991,0.4820304101965498,145.44338741279145,114.0698892705505,261.27363844899224
2.2666666666666666,4.301399106228403,1.3487094804469162,4.507887701985254,0.6197843326479937,0.04229417368713639,0.4849800779339277,2.7553144971718226,0.2965099982105237,0.68218268864995,0.4595405944910854,128.1650893026478,115.40126108951307,245.3267121578112
2.3,4.2919723256576745,1.36709951320136,4.504440866878679,0.6201413688366184,0.04192007467413155,0.48638362992467915,2.7537240769520976,0.285228124405283,0.7046190920399336,0.4394843157975745,111.55842066362419,116.55484723121216,229.87362966048667
2.3333333333333335,4.282414859835648,1.3854355626796266,4.500945315161982,0.6205075930751468,0.041552043362373635,0.4877748129654505,2.75213240815647,0.27047758396768107,0.7224130473309597,0.42184843425048063,95.89820735737345,117.53471222991888,215.19328135294265
2.3666666666666667,4.272726951310187,1.40371701753536,4.497401145747487,0.6208829606416832,0.04119011467632255,0.4891538298962483,2.7505394756371793,0.2527357221136498,0.7351456076400724,0.40656928711759444,81.44329369438864,118.34952232901534,201.5531777890543
2.4,4.26290884539165,1.421943266537193,4.493808460244922,0.6212674260007539,0.04083432313983087,0.49052088471458993,2.7489452644002177,0.23594730603178304,0.7425572360152523,0.3935398876546328,68.4303235692896,119.01222730607188,189.20291264101178
2.433333333333333,4.252960790174353,1.440113698569759,4.490167362979773,0.6216609428057571,0.04048470286362585,0.4918761825619418,2.7473497596102887,0.24769175847656932,0.7445421674775029,0.3826217769529919,57.06833599502074,119.53960768838401,178.36830544905507
2.466666666666667,4.2428830365582995,1.4582277026350543,4.48647796101201,0.6220634639014446,0.04014128753275155,0.4932199297097393,2.7457529465957857,0.254127593836041,0.7411537693899057,0.37366057077282794,47.534197908150055,119.95166060232239,169.24622027612276
2.5,4.232675838271217,1.4762846678541615,4.482740364155192,0.6224749413264301,0.03980411039397713,0.49455233354498745,2.7441548108537828,0.255143881677249,0.7326143730069891,0.3665035333715128,39.968939105837606,120.27084916059529,162.0001500320832
2.533333333333333,4.222339451890883,1.4942839834693347,4.478954684995951,0.622895326315725,0.03947320424317793,0.4958736025554415,2.742555338055043,0.2508549281455058,0.7193221810055768,0.3610171310350724,34.47503578515849,120.52127106755559,156.7566686183644
2.5666666666666664,4.211874136867726,1.512225038846453,4.475121038913853,0.6233245693032989,0.039148601412695674,0.4971839463143668,2.74095451404903,0.24162232131620265,0.7018474909619163,0.35710252746542415,31.1146544884279,120.72781283626384,153.60282909034206
2.6,4.201280155547717,1.5301072234778503,4.471239544101629,0.6237626199246625,0.0388303337586845,0.49848357546487654,2.7393523248689307,0.22805291758091384,0.6809125658112358,0.35470729598222445,29.90883997635412,120.91535035604365,152.58455209804808
2.6333333333333333,4.1905577731955255,1.5479299269855191,4.467310321585779,0.6242094270194743,0.03851843264844941,0.499772701703848,2.737748756736684,0.21652531594736568,0.6573540231527616,0.35383208753502554,30.837614071204708,121.10803990716795,153.70601574402298
2.6666666666666665,4.179707258017957,1.5656925391247025,4.463333495247554,0.6246649386341655,0.03821292894778406,0.5010515377654164,2.736143796068005,0.20801615941469553,0.6320717453647863,0.35453148928917566,33.840944279450135,121.32872398466378,156.93003002976423
2.7,4.168728881187649,1.5833944497878716,4.4593091918443,0.6251291020245847,0.03791385300831468,0.502320297404047,2.734537429477415,0.1974125093602992,0.6059717599752075,0.3569088072649994,38.82053519537987,121.5984606449912,162.1793576060214
2.7333333333333334,4.157622916867042,1.6010350490090977,4.455237541031182,0.6256018636586594,0.037621234654857186,0.5035791953771852,2.7329296437832618,0.18495950321296128,0.5799111793782505,0.36110505777750995,45.64239104651856,121.93617422462998,169.33892703679885
2.7666666666666666,4.146389642232596,1.6186137269688208,4.451118675383263,0.6260831692190736,0.03733510317279449,0.5048284474274862,2.731320426012739,0.17101990485403706,0.5546515413723581,0.3672831122797211,54.14009737560805,122.35841406947334,178.2588732107317
2.8,4.135029337499275,1.6361298739990244,4.446952730417961,0.6265729636059592,0.037055487295481235,0.5060682702646234,2.729709763406896,0.15604985577882913,0.5308240116330518,0.3756086795841236,64.11877339144992,122.87919392235972,188.75832907945994
2.8333333333333335,4.123542285945271,1.6535828805888158,4.442739844617863,0.6270711909396005,0.036782415191683036,0.5072988815466783,2.7280976434256283,0.1405642324212304,0.5089071021241237,0.38623046121387494,75.3596456859802,123.50987364398685,200.62988109561735
2.8666666666666667,4.111928773936977,1.670972137390419,4.4384801594539045,0.6275777945631509,0.03651591445305774,0.5085204998611119,2.726484053752662,0.13685087947246521,0.48921555719709386,0.3992621154003889,87.62517876672158,124.25904597648628,213.64458650885817
2.9,4.100189090954208,1.688297035225588,4.434173819408911,0.6280927170453582,0.0362560120816858,0.5097333447053201,2.724868982300516,0.1387489262704713,0.471898106863874,0.414768392855066,100.6646661115868,125.13240694180189,227.557434819039
2.933333333333333,4.088323529615643,1.7055569650924396,4.429820972001492,0.628615900183301,0.036002734477657436,0.5109376364667733,2.723252417215443,0.14703885629210822,0.4665317428741873,0.43275695082519944,114.22014572478584,126.1326127952616,242.11312028569773
2.966666666666667,4.076332385704515,1.722751318172714,4.425421767810305,0.6291472850051306,0.0357561074267238,0.5121335964027449,2.721634346882351,0.1540714853901971,0.46104679611105404,0.4531761637089043,128.03246967819578,127.25914850993573,257.0519799537818
3.0,4.064215958194517,1.739879485839469,4.420976360498662,0.6296868117728209,0.03551615608801984,0.5133214466196284,2.720014759929692,0.15972728745267606,0.45439882448082425,0.47591812936962413,141.8473379920073,128.50824444278203,272.1159442004396
3.033333333333333,4.051974549275932,1.7569408596652092,4.416484906839489,0.6302344199849227,0.03528290498186634,0.5145014100518459,2.7183936452343245,0.1639271530605636,0.44660426338354897,0.5008253562173424,155.421106545308,129.8728770875883,287.0543453985466
3.0666666666666664,4.039608464381982,1.7739348314304566,4.411947566740651,0.6307900483793231,0.035056377977658704,0.5156737104403527,2.716770991926348,0.16663449441098988,0.4376625399409777,0.527699425623028,168.52619343003687,131.34287978606002,301.62943498174724
3.1,4.027118012215385,1.7908607931327678,4.4073645032706015,0.6313536349360072,0.03483659828185011,0.5168385723107394,2.7151467893938883,0.1678553900212768,0.42755330961366445,0.5563101567953033,180.95593240355882,132.9051751135506,315.62146928275973
3.1333333333333333,4.0145035047751225,1.8077181369962017,4.402735882684397,0.6319251168798227,0.03462358842603672,0.5179962209509344,2.713521027287863,0.16763672372081584,0.41758294221755365,0.5864042483052084,192.5287505621706,134.54412659942307,328.83323892724394
3.1666666666666665,4.001765257383401,1.8245062554812415,4.3980618744500415,0.6325044306832454,0.0344173702551525,0.5191468823885121,2.7118936955266886,0.1662089629441761,0.42858043622649045,0.6177128372605196,203.09157703227754,136.24199539592092,341.0939341938488
3.2,3.988903588712815,1.8412245412951787,4.393342651275178,0.6330915120691448,0.03421796491578138,0.5202907833676085,2.710264784300951,0.16806188620997953,0.4369871988880044,0.649957787130136,212.52241934297686,137.97947756412952,352.2622586727567
3.2333333333333334,3.975918820813703,1.8578723874029581,4.388578389134116,0.6336862960135502,0.0340253928445943,0.5214281513254498,2.7086342840780304,0.1681036609350851,0.4406375468196805,0.6828567523474938,220.7320736923831,139.7362896290422,362.2287250870756
3.2666666666666666,3.9628112791416754,1.874449187038494,4.383769267295184,0.6342887167484145,0.033839673756918986,0.5225592143684982,2.7070021856066675,0.1659314797939907,0.43899730078271937,0.716127187490518,227.6649630527587,141.49176495622692,370.91708977463594
3.3,3.949581292585334,1.890954333716458,4.378915468348423,0.6348987077643767,0.03366082663544988,0.5236842012482179,2.7053684799214848,0.16118030826125074,0.43164245052820116,0.7494895065842326,233.29912008642694,143.22542373450474,378.284905586582
3.3333333333333335,3.936229193494158,1.9073872212445466,4.374017178233604,0.6355162018135229,0.033488869719105946,0.5248033413364683,2.7037331583474473,0.15356546360102785,0.41828502064714934,0.7826695891893702,237.64534703303246,144.91748746209677,384.3231962607795
3.3666666666666667,3.9227553177065584,1.9237472437362286,4.369074586268564,0.6361411309121419,0.033323820492043986,0.5259168646005276,2.7020962125042605,0.14292083712152626,0.40586802943399314,0.8154008006694521,240.74559102040791,146.54932514268646,389.0552779287447
3.4,3.9091600045780934,1.9400337956239793,4.364087885177862,0.6367734263434797,0.03316569567283487,0.527025001577753,2.70045763431071,0.12922653274318396,0.38917302879150484,0.8474256601694022,242.6705738074496,148.10383895358373,392.53477452668363
3.433333333333333,3.8954435970098404,1.9562462716730058,4.3590572711217614,0.6374130186604889,0.0330145112038104,0.5281279833498835,2.698817415988938,0.12753417574001857,0.36658685637925914,0.8784972587271204,243.51671729206126,149.56581391960756,394.84289297731914
3.466666666666667,3.8816064414769125,1.972384066995467,4.353982943725508,0.6380598376885744,0.032870282240588036,0.5292260415169898,2.697175550068641,0.12894455256936777,0.3382979504122142,0.9083805034431119,243.4024190474663,150.92226035785538,396.08504117097203
3.5,3.867648888057124,1.9884465770651922,4.348865106108924,0.6387138125283337,0.03273302314178114,0.5303194081710786,2.695532029391208,0.12962934708806462,0.3046824808708767,0.936853241054935,242.46376072447865,152.1627652396749,396.38688772980385
3.533333333333333,3.8535712904597865,2.004433197732903,4.343703964916308,0.6393748715582942,0.03260274745890189,0.5314083158693568,2.6938868471137756,0.12959715367523772,0.29252231715424604,0.9637072945819869,240.8497733831868,153.27984286092249,395.8899780097596
3.5666666666666664,3.839374006054639,2.0203433252419436,4.338499730346623,0.6400429424376444,0.03247946792646426,0.5324929976071624,2.6922399967132122,0.12888161837099232,0.2827455736389487,0.9887494297809281,238.71742631779432,154.26924715941786,394.7470352428625
3.6,3.825057395900897,2.0361763562445203,4.333252616183986,0.6407179521089609,0.032363196452294164,0.5335736867905695,2.690591471990016,0.12754024724147872,0.2779901329985499,1.011802254789647,236.22653425489432,155.13019048279705,393.1170865033417
3.6333333333333333,3.810621824776423,2.0519316878184575,4.327962839828445,0.6413998268009308,0.03225394410805409,0.5346506172086728,2.688941267072133,0.12565196894885522,0.27948211832960335,1.032705047552903,233.5347795149695,155.86541519246214,391.16055647308195
3.6666666666666665,3.796067661207002,2.067608717484474,4.322630622327033,0.6420884920310694,0.03215172111998898,0.535724023005561,2.6872893764186934,0.12331347853136554,0.2805121384710615,1.0513145017467938,230.79301785168758,156.48108588782142,389.0344655051593
3.6999999999999997,3.7813952774957222,2.08320684322398,4.317256188405104,0.6427838726084344,0.032056536859900425,0.536794138651985,2.6856357948236482,0.1216409304118028,0.2809399500842328,1.0675053821714573,228.1409878252552,156.9865042311676,386.8878538220731
3.7333333333333334,3.766605049752453,2.0987254634974035,4.311839766497947,0.6434858926363346,0.031968399836356104,0.5378611989167293,2.6839805174193305,0.1227510146630515,0.2806473509530384,1.081171083297879,225.70349045255938,157.39368372073938,384.85753593894907
3.7666666666666666,3.7516973579234074,2.1141639772630456,4.306381588782649,0.6441944755150368,0.03188731768614093,0.5389254388376941,2.6823235396799063,0.12513796012000933,0.27954559408892266,1.0922240879079768,223.5870664071102,157.7168462954584,383.0642744682189
3.8,3.736672585820788,2.129521783996472,4.300881891210236,0.644909543944469,0.03181329716595668,0.5399870936926964,2.6806648574247425,0.12675118902146165,0.2775801492518951,1.1005963249927158,221.87718421299027,157.9719080396352,381.6094540182758
3.8333333333333335,3.7215311211525104,2.1447982837104402,4.295340913538053,0.6456310199269208,0.031746344144376645,0.5410463989700001,2.6790044668216666,0.13989896064548257,0.2747326316211063,1.106239426482164,220.63596584036355,158.1760058975309,380.57233350354477
3.8666666666666667,3.706273355551988,2.1599928769753713,4.289758899362403,0.6463588247697427,0.031686463594061284,0.5421035903385799,2.677342364390131,0.1502859654816271,0.27102000761523337,1.1091248810801069,219.900505058946,158.34708730577358,380.0079541303699
3.9,3.690899684607977,2.1751049649403646,4.284136096151415,0.6470928790880444,0.031633659584241566,0.5431589036181323,2.675678547004269,0.15740518771527223,0.26649144429413796,1.1092440812593747,219.6818604499697,158.50355166486193,379.9457738804819
3.933333333333333,3.675410507894476,2.190133949354761,4.278472755278151,0.6478331028073921,0.031587935273475615,0.5442125747488392,2.674013011895846,0.16109229454989848,0.27305516255516815,1.1066082573889973,219.96481193981987,158.66390899858487,380.38908270405506
3.966666666666667,3.6598062290006657,2.205079232590261,4.272769132053933,0.6485794151665085,0.031549292902684864,0.5452648397608952,2.672345756657104,0.1612411943776324,0.2787489526042173,1.1012482918880422,220.7084492110347,158.84641498672707,381.31522596341205
4.0,3.6440872555608834,2.2199402176635945,4.267025485761895,0.6493317347199729,0.0315177337884753,0.5463159347438081,2.670676779243492,0.1578126629327503,0.2833635960406701,1.09321440674852,221.84761600827974,159.0686536480488,382.67663142197887
4.033333333333333,3.628253999284629,2.2347163082597516,4.261242079690732,0.6500899793409248,0.03149325831674933,0.5473660958154805,2.669006077976283,0.150842767781443,0.2867933265704631,1.0825757199108883,223.2951775625236,159.34706363280867,384.4026029609826
4.066666666666666,3.6123068759865875,2.249406908755774,4.255419181168665,0.6508540662237732,0.03147586593661393,0.5484155590910834,2.6673336515450803,0.14044923132572062,0.2889602142344625,1.0694196696934943,224.94502238285136,159.6964320877231,386.40181623622476
4.1,3.5962463056166603,2.264011424245111,4.24955706159758,0.651623911886909,0.03146555515459001,0.5494645606517335,2.6656594990101974,0.14099451493780846,0.2898175225498659,1.0538513113647423,226.67566543543336,160.12940190932534,388.565429110409
4.133333333333333,3.5800727122900033,2.278529260562543,4.243655996487367,0.6523994321754266,0.03146232352912816,0.5505133365129803,2.6639836198049287,0.14338578555954595,0.2958339967360816,1.0359924952883706,228.35429387298382,160.6560470243567,390.7707026629908
4.166666666666667,3.5637865243170594,2.2929598243096763,4.237716265490427,0.6531805422638531,0.031466167665435765,0.5515621225931167,2.662306013737693,0.14478008723082736,0.3042430946490956,1.0159809409135527,229.84109074776075,161.2835636592499,392.885016172661
4.2,3.54738817423357,2.307302522881011,4.231738152436332,0.6539671566588874,0.03147708321061991,0.5526111546813224,2.6606266809940498,0.1450912519768368,0.3099772460873089,0.993969224228801,230.99368352237852,162.0161059424479,394.77015123047676
4.233333333333333,3.5308780988305686,2.3215567644905857,4.225721945366657,0.654759189202152,0.03149506484915075,0.5536606684056508,2.658945622138603,0.14424761331281588,0.3128322282485515,0.9701236973924569,231.67158589466837,162.85476831602244,396.2867159763411
4.266666666666667,3.5142567391843396,2.3357219581991986,4.219667936569944,0.6555565530729576,0.031520106298649556,0.5547108992008697,2.657262838116763,0.14219592869066489,0.33159328541451905,0.9446233577982909,231.74052505468418,163.79769355724736,397.29858037758186
4.3,3.497524540686337,2.349797513942212,4.213576422616798,0.6563591607910836,0.03155220030600537,0.5557620822761674,2.6555783302563922,0.13890486371591315,0.34841409896836695,0.9176586800797598,231.0765648210754,164.84027076712906,397.67719735385475
4.333333333333333,3.4806819530730495,2.363782842557939,4.207447704395113,0.6571669242195755,0.03159133864382438,0.5568144525827343,2.653892100269309,0.1343678497972276,0.3624817662997373,0.8894304191683822,229.56994469170945,165.9753855300415,397.3056919874013
4.366666666666666,3.463729430455809,2.3776773558166178,4.201282087145402,0.6579797545675631,0.0316375121072154,0.5578682447812328,2.6522041502526763,0.1381789135446989,0.37353360903518706,0.8601483863122442,227.12855676632194,167.19369285950665,396.0826113914789
4.4,3.4466674313505252,2.3914804664499707,4.195079880496222,0.6587975623930991,0.03169071051091501,0.5589236932091641,2.650514482690237,0.1434062437054192,0.3872408355940564,0.8300301935704401,223.68098119908373,168.48389732518453,393.9252402899186
4.433333333333334,3.429496418707345,2.405191588181359,4.188841398499695,0.659620257606022,0.031750922686755445,0.5599810318481473,2.648823100453434,0.14895633238678052,0.40446981989453457,0.799299955976623,219.17900161876457,169.83303790381623,390.77240128823115
4.466666666666667,3.4122168599402194,2.4188101357565235,4.182566959667088,0.6604477494708455,0.03181813648147834,0.5610404942911171,2.6471300068023824,0.15481542353478717,0.42110158949457144,0.768186934127723,213.59952852791105,171.226783370542,386.58667366410333
4.5,3.394829226956374,2.432335524974924,4.176256887004468,0.6612799466096766,0.03189233875489692,0.5621023137094564,2.6454352053867116,0.16093794784333737,0.4352910686393918,0.7369240929429425,206.94587199304527,172.64974622023323,381.3559799789288
4.533333333333333,3.3773339961856688,2.4457671727216717,4.169911508048393,0.6621167570051643,0.03197351537840919,0.5631667228200726,2.6437387002462662,0.16724103556503012,0.4463434328783126,0.7057465442986923,199.2483235132827,174.08582058994728,375.0945058688803
4.566666666666666,3.3597316486098396,2.4591044970000606,4.163531154901631,0.6629580880034828,0.032061651233864404,0.5642339538524304,2.6420404958116714,0.17360062018876654,0.45401528247826384,0.6748898320559038,190.56402837486465,175.51854506211686,367.84293520263185
4.6,3.3420226697916102,2.472346916964699,4.157116164268915,0.6638038463173506,0.032156730212784826,0.5653042385155528,2.6403405969047586,0.1798494279702345,0.45798051235029,0.644588008201819,180.97615208896588,176.93148688002321,359.6680007346394
4.633333333333333,3.324207549903664,2.4854938529552366,4.150666877492674,0.664653938029089,0.03225873521594451,0.566377807965002,2.6386390087388465,0.18577703635573184,0.45783226222818174,0.6150714400025095,170.59236680154174,178.3086411258539,350.66136969304597
4.666666666666667,3.306286783757465,2.4985447265306964,4.144183640588776,0.6655082685937226,0.03236764815330678,0.5674548927698527,2.636935736918888,0.19113212408022573,0.4530952186900209,0.5865642832750154,159.54270563032097,179.6348366517352,340.93790404770647
4.7,3.2882608708319205,2.5114989605044125,4.137666804282221,0.6663667428421249,0.032483449944321466,0.5685357228796682,2.6352307874414724,0.1956270970952827,0.44325001476551995,0.5592815612961531,147.9768538044666,180.89613911873965,330.63335468885657
4.733333333333333,3.2701303153018664,2.524355978979565,4.131116724042806,0.6672292649842116,0.032606120518583234,0.5696205275914938,2.633524166694689,0.19894553158756556,0.43472012705577123,0.5334258101724821,136.06096244085285,182.08023945033707,319.9015636568402
4.766666666666667,3.2518956260663727,2.537115207385322,4.124533760120708,0.6680957386121852,0.03273563881685156,0.570709535516877,2.6318158814578405,0.20075333281233498,0.4387687487609372,0.5091832994918745,123.97407968985463,183.17681290798228,308.9112543634872
4.8,3.233557316776858,2.549776072513589,4.1179182775820085,0.6689660667038335,0.03287198279243306,0.5718029745489281,2.630105938901027,0.20071497620167833,0.44012482313638,0.48671992098598815,111.90429276414017,184.177830157506,297.84248468729646
4.833333333333333,3.2151159058649905,2.562338002556362,4.111270646344094,0.6698401516258857,0.03301512941292635,0.572901071829434,2.628394346584573,0.19851623079891645,0.43863454906554966,0.46617696074273074,100.044666573753,185.0777983051187,286.882826644522
4.866666666666666,3.196571916570381,2.5748004271436846,4.1045912412109615,0.6707178951374291,0.033165054662329656,0.5740040537160344,2.6266811124583254,0.193893841246922,0.4341820960807353,0.4476671213925635,88.58905813017799,185.87390917985914,276.22332907568745
4.9,3.177925876968042,2.5871627773822166,4.097880441908373,0.6715991983933899,0.03332173354351083,0.5751121457494752,2.6249662448607998,0.18667056077972433,0.42672525067931066,0.43127130916019396,77.7278853695296,186.56607718551064,266.05432432069057
4.933333333333334,3.159178319995607,2.599424485894403,4.0911386331188595,0.6724839619480817,0.03348514008103935,0.5762255726209508,2.6232497525181877,0.17679113281884817,0.4163337540365487,0.4170367971985292,67.6439310630916,187.15686224046917,256.5611550692111
4.966666666666667,3.1403297834803015,2.6115849868582544,4.0843662045165425,0.6733720857588243,0.03365524732437967,0.5773445581395452,2.6215316445432233,0.16435236907609962,0.4032231332079077,0.4049773634526085,58.508259395134615,187.65129364834937,247.9199148091343
5.0,3.121380810165646,2.6236437160477295,4.077563550801763,0.6742634691896379,0.03383202735144498,0.5784693251997882,2.6198119304339023,0.14961959358070664,0.38777552986441066,0.3950758338533791,50.47631277120381,188.0566315109854,240.2933060478395
5.033333333333333,3.1023319477378872,2.6356001108737255,4.070731071735487,0.6751580110150149,0.03401545127251008,0.5796000957493327,2.618090620072069,0.13527850785518314,0.374146147441468,0.38728913466483345,43.68424811082491,188.38211232615205,233.82672220262728
5.066666666666666,3.083183748852137,2.6474536104256736,4.063869172173466,0.6760556094237741,0.0342054892344821,0.5807370907567714,2.6163677237218534,0.13663538716670842,0.36126223093302734,0.381555523012642,38.245578757532265,188.6387150556484,228.64465557883096
5.1,3.063936771158216,2.659203655513737,4.056978262100138,0.6769561620229994,0.034402110425527196,0.5818805301795997,2.6146432520279737,0.14582524107993544,0.3615996910933055,0.377803224963228,34.248217628440926,188.83895333719366,224.8475327312849
5.133333333333333,3.0445915773261767,2.6708496887116113,4.05005875666223,0.6778595658420686,0.03460528308005151,0.5830306329323405,2.6129172160138965,0.1543446995735147,0.36350043680883026,0.37595938722828093,31.75206382478433,188.99666251046753,222.50908810090218
5.166666666666667,3.025148735071511,2.6823911543999315,4.043111076202058,0.6787657173367759,0.03481497448403404,0.5841876168548392,2.611189627079857,0.1606180086380573,0.3677401996439752,0.37595813529368854,30.78732310782489,189.12672868374415,221.67441355721934
5.2,3.0056088171800095,2.6938274988102746,4.036135646290476,0.6796745123935506,0.03503115098070924,0.5853516986807433,2.6094604970007467,0.16431886860290068,0.37837081430633535,0.37774665981028693,31.35378257558316,189.24471778755392,222.3588621287874
5.233333333333333,2.985972401532277,2.7051581700697644,4.029132897759471,0.6805858463337763,0.03525377797659643,0.5865230940061773,2.607729837923861,0.16526097457088196,0.3899662415541151,0.3812885901844148,33.42123624184098,189.36640400616292,224.5480020136542
5.266666666666667,2.966240071127882,2.7163826182462736,4.022103266734361,0.6814996139182166,0.03548281994787345,0.5877020172586235,2.6059976623665078,0.16340312633096987,0.39915089289359473,0.3865643764144268,36.93110992759601,189.50724631252086,228.1987180057672
5.3,2.9464124141091244,2.7275002953942176,4.015047194665575,0.6824157093515486,0.03571824044709132,0.5888886816660217,2.6042639832134884,0.1588403417857871,0.405944107120948,0.3935688771106036,41.799025869633184,189.68188603104616,233.24127366632968
5.333333333333333,2.9264900237844214,2.738510655600946,4.007965128359984,0.6833340262870098,0.03596000211022652,0.5900832992260984,2.6025288137144384,0.16056934853444116,0.41707644084803375,0.40230673107307513,47.91777877119484,189.90372054794275,239.5818610847879
5.366666666666666,2.90647349865128,2.7494131550337264,4.000857520011769,0.6842544578311611,0.03620806666406757,0.591286080675936,2.6007921674810417,0.16514947333942376,0.4366170213600409,0.4127863049789897,55.16030283471813,190.18456904911451,247.10523364948295
5.4,2.886363442418859,2.7602072519873087,3.993724827232765,0.6851768965487723,0.03646239493393194,0.5924972354617943,2.5990540584841106,0.16861528130351366,0.45428447931295424,0.4250130709784084,63.382610560008736,190.5344218670492,255.67739419270825
5.433333333333334,2.8661604640300995,2.7708924069320826,3.986567513082289,0.6861012344678322,0.03672294685170947,0.5937169717091944,2.597314501050536,0.17127380604542342,0.46964807396850805,0.4389832169730287,72.42690868132043,190.96126332599914,265.14853377296987
5.466666666666667,2.845865177683405,2.7814680825628155,3.9793860460963906,0.6870273630846876,0.03698968146422799,0.5949454961932762,2.595573509860119,0.1763079739937915,0.48822039797012673,0.45467815085894125,82.12501298160369,191.47096038483184,275.35633513208586
5.5,2.8254782028538714,2.7919337438479683,3.9721809003165096,0.6879551733693166,0.03726255694193689,0.5961830143094402,2.5938310999422622,0.1791312092527666,0.5133789802810147,0.47206034866039187,92.30203237498569,192.06720584742308,286.12959998805906
5.533333333333333,2.8050001643140368,2.8022888580795877,3.9649525553175,0.6888845557707383,0.03754153058790403,0.597429730044284,2.592087286672548,0.17966987801264844,0.5316653681060626,0.4910707559913693,102.78022124227911,192.7515003963489,297.29208340427834
5.566666666666666,2.7844316921541497,2.81253289492377,3.957701496234993,0.6898154002225669,0.037826558847121085,0.5986858459468434,2.5903420857691937,0.17791839448902025,0.5443844864146925,0.5116277292982521,113.38288729910587,193.5231582852752,308.6664073500314
5.6,2.7637734218019365,2.822665326471696,3.950428213792063,0.6907475961487082,0.03811759731611259,0.599951563100149,2.5885955132893788,0.17393379436581147,0.554487306184104,0.5336273329340556,123.9382452989383,194.37932811801983,320.0779351826084
5.633333333333333,2.743025994041853,2.8326856272912257,3.9431332043251572,0.6916810324692091,0.0384146007528433,0.6012270810931084,2.5868475856254642,0.16782751894076575,0.5579548825885846,0.5569447071112671,134.28310857387436,195.31503023317023,331.35850057269494
5.666666666666667,2.722190055033804,2.8425932744790554,3.9358169698092547,0.6926155976062602,0.03871752308691868,0.6025125979927235,2.585098319501087,0.1597553374086419,0.5549593475254324,0.5814361888452815,144.26631153803945,196.3232222730813,342.3498955767711
5.7,2.7012662563313268,2.8523877477134274,3.928480017882227,0.6935511794903574,0.03902631743007303,0.6038083103166519,2.5833477319671454,0.1499145230038682,0.5457816462391158,0.6069418883042379,153.7517609329537,197.39491116750656,352.90703386611057
5.733333333333333,2.6802552548992082,2.862068529307393,3.921122861868345,0.694487665566626,0.039340936086939504,0.6051144130061236,2.581595840397674,0.14028712919261277,0.5308013865417137,0.633288475520439,162.62102489169538,198.5193304352003,362.900717092546
5.766666666666667,2.6591577131305355,2.871635104262614,3.9137460208009123,0.695424942801311,0.03966133056609615,0.6064310993992204,2.5798426624855995,0.12999845558120238,0.5104843740510838,0.6602919970199381,170.77538793772297,199.68419540040668,372.21994510377993
5.8,2.6379742988631554,2.881086960323712,3.906350019443967,0.6963628976884388,0.039987451591382145,0.6077585612045291,2.5780882162384,0.1283004051896015,0.485367702804935,0.6877606036656941,178.13732542047018,200.87603689486136,380.7737240809818
5.833333333333333,2.616705685395536,2.890423588033143,3.898935388313034,0.697301416256655,0.04031924911347799,0.6090969884751755,2.576332519973655,0.13341030540562615,0.45604313855645895,0.7154971215654453,184.65137887254076,202.08059975930468,388.49234039749575
5.866666666666666,2.5953525515020055,2.8996444807866024,3.891502663694858,0.6982403840762392,0.040656672321743324,0.6104465695832485,2.5745755923144933,0.13693824665019594,0.4232914850766196,0.7433014346530223,190.284439429987,203.28328055961813,395.3280817552555
5.9,2.573915581447367,2.9087491348889545,3.884052387666106,0.6991796862663047,0.040999669656306095,0.6118074911946241,2.572817452184938,0.1387470415473323,0.39727814103249626,0.770972671643188,195.02546556526923,204.4695732546743,401.2554005855938
5.933333333333334,2.5523954650008602,2.9177370496106705,3.8765851081109695,0.7001192075021828,0.04134818882039638,0.6131799382441956,2.5710581188051567,0.138773367294882,0.369256863838084,0.7983112043333199,198.8846720423525,205.6254936601148,406.2705274681176
5.966666666666667,2.530792897449464,2.9266077272447784,3.869101378737639,0.7010588320230022,0.04170217679291827,0.6145640939115186,2.56929761168662,0.1370399421191164,0.34533668800555384,0.8251204717163809,201.89223024642104,206.73796215673212,410.3905541688035
6.0,2.5091085796105244,2.935360673164313,3.8616017590936007,0.7019984436394596,0.042061579841253076,0.6159601395968805,2.567535950627162,0.13366106164507563,0.3265798830833292,0.8512086474685172,204.09651927358018,207.79513567682932,413.6520167160598
