t,x,y,well_distance,speed,spin,orientation,orbital_L,max_strain,max_compression,rms_displacement,lattice_energy_proxy,packet_energy_proxy
0.0,4.624996107895213,0.0034373662721314253,4.624997385246045,0.6187263256137,0.07980969904903742,0.3504433872169391,2.8616074215494116,4.440892098500626e-16,8.881784197001252e-16,0.00014856669993581784,0.045411065152170305,0.46448238965875466
0.03333333333333333,4.624891041126674,0.024055639230581783,4.624953601504838,0.6184380346986346,0.0786711767924321,0.35308155732156127,2.8602365859412657,0.0023658641428094818,0.00627499560679845,0.004147536212154929,2.2045656620842227,0.46391004656061635
0.06666666666666667,4.6246459498185635,0.04466329977651859,4.624861616472451,0.618159361962195,0.07753835933210364,0.3556818873263005,2.8588647878824345,0.008415736641139926,0.022569534977524564,0.013425160387206763,7.501843112583899,0.46335495387214115
0.1,4.624260914478354,0.06525971704959588,4.624721379266169,0.6178903112690269,0.07641135223905349,0.3582445694427714,2.8574919844717113,0.017531646969998982,0.047580050330540025,0.027887839838892495,15.744388142209944,0.46281707991296256
0.13333333333333333,4.623736017887697,0.08584426054302914,4.624532841291124,0.6176308856529565,0.0752902614627348,0.3607697994089985,2.8561181326474556,0.02900203961428316,0.07978476203882223,0.04740965818514085,26.66902955308947,0.46229639187184807
0.16666666666666669,4.623071345100632,0.1064163000943269,4.624295956231212,0.6173810873170621,0.07417519332396055,0.36325777650189606,2.854743189190347,0.042066546104302494,0.11765800448557606,0.07183362246327173,39.94966555710441,0.4617928558158749
0.2,4.62226698344217,0.12697520587603933,4.624010680040309,0.6171409176338614,0.07306625450704517,0.3657087035494957,2.8533671107264174,0.055959140568110466,0.1593888772353812,0.10097306322592194,55.206061177684035,0.461306436699708
0.23333333333333334,4.621323022507297,0.1475203483865316,4.623676970933854,0.6169103771456168,0.07196355205116775,0.36812278694289735,2.8519898537304136,0.06994743541192883,0.20322657503379282,0.13461317097632522,72.01386749553151,0.4608370983749935
0.26666666666666666,4.620239554160361,0.16805109844078828,4.623294789380738,0.6166894655647597,0.07086719334094528,0.37050023664791704,2.8506113745294495,0.08342177742405354,0.24747433231015115,0.17251265149821549,89.91563368003902,0.46038480359987705
0.3,4.6190166725348645,0.1885668271612563,4.622864098095542,0.6164781817744347,0.06977728609620504,0.3728412662164048,2.8492316293069857,0.09650773768970478,0.29053813954648267,0.21440548713085145,108.43254258752873,0.4599495140486568
0.33333333333333337,4.617654474033645,0.20906690596873365,4.622384862031101,0.6162765238291682,0.0686939383609457,0.37514609279720557,2.847850574107127,0.10780971913017545,0.33408649496458664,0.2600027938044123,127.07656856311831,0.45953119032158585
0.3666666666666667,4.616153057329456,0.2295507065733099,4.6218570483714,0.6160844889556588,0.06761725849147752,0.3774149371467369,2.846468164839239,0.11668555962502836,0.37476271977129394,0.3089947649066141,145.3627392751612,0.45912979195482895
0.4,4.614512523365932,0.25001760096536696,4.621280626524806,0.6159020735536929,0.0665473551437326,0.3796480236391548,2.845084357282898,0.12256236478825178,0.411142689443158,0.3610526932859563,162.8211844715565,0.4587452774305871
0.43333333333333335,4.612732975358955,0.27046696140664594,4.620655568117626,0.6157292731971858,0.06548433725973694,0.38184558027608023,2.8436991070931645,0.1261308867807749,0.44211750287589224,0.4158310624232215,179.00867120203472,0.4583776041873992
0.4666666666666667,4.610814518798397,0.2908981604213877,4.619981846987998,0.6155660826353512,0.06442831405323647,0.38400783869585847,2.842312369806194,0.12889443464185812,0.46674254359854006,0.47296969751528556,193.51935263556823,0.4580267286306323
0.5,4.6087572614502585,0.3113105707875542,4.619259439180111,0.615412495793996,0.06337939499447026,0.3861350341823226,2.8409241008451853,0.13078482364232502,0.4842662759679065,0.5320959674935838,205.99449155668387,0.45769260614316626
0.5333333333333333,4.606561313359189,0.33170356552813707,4.618488322938753,0.6152685057769464,0.062337689794084696,0.3882274056730328,2.8395342555266647,0.1301261871150713,0.49416192054549224,0.5928270305399207,216.1309559869736,0.4573751910962864
0.5666666666666667,4.604226786851393,0.3520765179025612,4.617668478704193,0.6151341048676006,0.06130330838618335,0.390285195766963,2.8381427890671134,0.12687306507059415,0.4961600054111016,0.6547721190654963,223.6883185126488,0.4570744368607902
0.6,4.601753796537906,0.37242880139818985,4.616799889107381,0.6150092845306135,0.06027636091050775,0.39230865073160476,2.836749656589933,0.13250052390719302,0.49027813543464027,0.7175348654518123,228.49441664743887,0.4567902958183196
0.6333333333333333,4.5991424593182675,0.39275978972193804,4.61588253896549,0.6148940354137103,0.05925695769374546,0.3942980205094612,2.8353548131327626,0.1392837261555847,0.47684292874562617,0.7807156761670107,230.44924312778477,0.4565227193729233
0.6666666666666667,4.596392894384549,0.41306885679200206,4.61491641527777,0.6147883473496322,0.05824520922996253,0.3962535587239003,2.8339582136551402,0.14534605768010522,0.4564983412672986,0.8439141669626912,229.52703223746187,0.456271657962864
0.7000000000000001,4.593505223225776,0.433355376729711,4.6139015072217395,0.6146922093582098,0.057241226160158164,0.39817552268433903,2.8325598130465006,0.15106498325771234,0.44588556046367267,0.9067316725502679,225.77640252447168,0.45603706107266734
0.7333333333333334,4.590479569632706,0.4536187238515076,4.612837806149696,0.6146056096485716,0.05624511925094059,0.40006417339072886,2.831159566134539,0.16232868218551755,0.44691386170810254,0.9687738372712004,219.31843111823324,0.45581887724543285
0.7666666666666667,4.587316059702981,0.47385827266106606,4.6117253055855585,0.6145285356214798,0.05525699937232386,0.4019197755373133,2.829757427693904,0.17341229227507893,0.4461655303956097,1.0296532768397686,210.34259342125318,0.4556170540954028
0.8,4.5840148218466465,0.4940733978415523,4.610564001222024,0.6144609738717987,0.05427697747464619,0.40374259751562835,2.8283533524552498,0.1841870933126183,0.44456733091410616,1.0889922741615754,199.100595614354,0.45543153832080163
0.8333333333333334,4.580575986792037,0.5142634742480342,4.609353890918065,0.6144029101910915,0.05330516456461158,0.40553291141671655,2.826947295114628,0.1945045875957213,0.4430689438821983,1.1464254245940932,185.8981187276571,0.45526227571694716
0.8666666666666667,4.57699968759201,0.5344278769000496,4.608094974696729,0.6143543295703495,0.0523416716804574,0.4072909930325253,2.8255392103432295,0.20419632803327226,0.4425949277989325,1.201601962528522,171.0830883181258,0.45510921118964415
0.9,4.57328605963055,0.5545659809743364,4.606787254743282,0.6143152162028482,0.05138660986625138,0.40901712185646055,2.824129052797471,0.2130735882685113,0.4441989723526394,1.2541834352516792,154.96216402078693,0.4549722887688596
0.9333333333333333,4.56943524062972,0.5746771617977336,4.605430735403659,0.614285553487133,0.050440090145322886,0.4107115810830668,2.8227167771294175,0.2209114626611488,0.44979517019800996,1.3038101691103159,137.7516955829049,0.45485145162268664
0.9666666666666667,4.565447370656965,0.5947607948402603,4.6040254231832405,0.6142653240301319,0.049502223492833994,0.41237465760680486,2.8213023379975555,0.22741982038204955,0.45983515828943367,1.3501712647454138,120.23319926502926,0.45474664207159915
1.0,4.561322592132769,0.6148162557083764,4.60257132674596,0.6142545096503952,0.04857312080749713,0.41400664201989856,2.819885690077897,0.23227506030710032,0.4736585625754103,1.393004677840956,102.84615154220903,0.4546578016030007
1.0333333333333334,4.557061049838645,0.6348429201384349,4.601068456913719,0.6142530913814608,0.04765289288244707,0.41560782860922246,2.8184667880754204,0.23514681765286716,0.49012403242419067,1.4320749355603863,86.00434509675965,0.4545848708860702
1.0666666666666667,4.552662890925479,0.6548401639903302,4.599516826666125,0.6142610494753427,0.04674165037527623,0.41717851535220213,2.817045586735846,0.2387278136193608,0.507676914689658,1.4671736228356171,70.10339317463549,0.4545277897869029
1.1,4.5481282649222035,0.6748073632413505,4.597916451140559,0.614278363406143,0.04583950377724307,0.4187190039116994,2.815622040857734,0.24394998200254625,0.5433880335917686,1.4981200541377027,55.51130537671993,0.4544864973839503
1.1333333333333333,4.543457323744809,0.6947438939802383,4.596267347632551,0.6143050118737844,0.04494656338166487,0.4202295996298559,2.8141961053049127,0.24747944689220458,0.584333279956084,1.524761919250763,42.558909082894246,0.45446093198375803
1.1666666666666667,4.538650221705684,0.7146491324014693,4.594569535596476,0.6143409728078623,0.044062939251506866,0.4217106115208664,2.8127677350192193,0.24912380637777998,0.6207564997660997,1.5469759153722982,31.531038544929554,0.4544510311369983
1.2,4.533707115523282,0.7345224547997516,4.592823036646578,0.6143862233716141,0.043188741186181226,0.42316235226265747,2.8113368850335574,0.24874844902491255,0.6557389784869396,1.5646683308234177,22.659189786509394,0.4544567316547994
1.2333333333333334,4.52862816433212,0.7543632375647544,4.591027874558298,0.6144407399660033,0.042324078687570175,0.4245851381874434,2.809903510485265,0.24628360478849487,0.6936397725804342,1.577775519799474,16.11608579823291,0.45447796962536496
1.2666666666666666,4.523413529693081,0.7741708571760715,4.589184075269933,0.6145044982339184,0.041469060925289014,0.42597928927113554,2.8084675666297816,0.264682522134582,0.7248236143961145,1.5862642066932084,12.012288348897027,0.45451468043088405
1.3,4.518063375604045,0.7939446901984263,4.5872916668846,0.6145774730644805,0.04062379670120558,0.4273451291215783,2.807029008854612,0.29457311079335613,0.7485726724487989,1.5901315755501066,10.394747849696522,0.4545667987647234
1.3333333333333335,4.512577868510829,0.8136841132771226,4.585350679672528,0.6146596385974612,0.039788394413234215,0.4286829849655893,2.8055877926935815,0.3190317010042353,0.7645394013625832,1.5894051252581916,11.24706627811863,0.4546342586489004
1.3666666666666667,4.506957177318429,0.8333885031337497,4.583361146073655,0.6147509682278046,0.03896296201842306,0.4299931876347783,2.8041438738413667,0.33762914180213466,0.7727355440651,1.584142294881088,14.491253857555703,0.45471699345182715
1.4000000000000001,4.501201473402577,0.8530572365621457,4.5813231007005575,0.6148514346102534,0.038147606995355146,0.431276071550122,2.802697208168307,0.35018115775730674,0.7735095132246532,1.5744298803303711,19.990827696508845,0.45481493590632166
1.4333333333333333,4.49531093062158,0.8726896904246264,4.5792365803416715,0.6149610096640745,0.03734243630588439,0.4325319747052733,2.801247751735474,0.35674333472849906,0.7675135365402824,1.5603832721981892,27.555157650611285,0.4549280181278767
1.4666666666666668,4.489285725328474,0.8922852416484837,4.577101623964854,0.6150796645778822,0.036547556356228944,0.4337612386485824,2.799795460810007,0.3575978083053598,0.755659112400659,1.5421455471949632,36.94497129570096,0.4550561716331775
1.5,4.483126036383459,0.9118432672227605,4.574918272721246,0.6152073698145539,0.03576307295744582,0.434964208463808,2.7983402918806863,0.35322765332087513,0.7390586877042913,1.5198864446381934,47.87889560022481,0.45519932735885726
1.5333333333333334,4.476832045166619,0.9313631441953084,4.572686569949454,0.6153440951162384,0.03498909128531114,0.4361412327495008,2.796882201673752,0.3442777761535084,0.7496337957206894,1.4938012551830573,60.0408765799148,0.45535741568048427
1.5666666666666667,4.47040393559093,0.9508442496701311,4.570406561180048,0.6154898095094495,0.03422571583963229,0.4372926635970374,2.7954211471689456,0.33150479489276696,0.7645000783777727,1.4641096406398972,73.08830955324709,0.45553036643176237
1.6,4.463841894115541,0.9702859608050219,4.568078294140365,0.6156444813102437,0.033473050403018574,0.43841885656728774,2.7939570856157676,0.3157211592602236,0.7723409886626121,1.431054392106012,86.66072694121712,0.4557181089239372
1.6333333333333333,4.4571461097593374,0.9896876548094985,4.565701818759644,0.615808078129478,0.032731197999138796,0.4395201706658986,2.7924899745499503,0.29773975259176677,0.7734391409938848,1.394900122382373,100.38889796454411,0.4559205719653926
1.6666666666666667,4.450316774114766,1.0090487089430409,4.563277187174463,0.6159805668781434,0.03200026085049473,0.44059696831717504,2.791019771810117,0.2783245835863668,0.7680989643177808,1.3559318817569663,113.90417198495184,0.4561376838814224
1.7,4.443354081361924,1.0283685005136385,4.560804453734487,0.6161619137727702,0.031280340335740786,0.4416496153365469,2.7895464355546227,0.2581515218422663,0.7566139213640654,1.3144536848142188,126.84784961209003,0.45636937253416304
1.7333333333333334,4.436258228282914,1.0476464068766496,4.558283675008545,0.6163520843409019,0.03057153694658111,0.44267848090160306,2.7880699242785765,0.23778100000242341,0.7392236613617595,1.2707869377169692,138.8803182151782,0.45661556534267006
1.7666666666666668,4.4290294142764575,1.0668818054339797,4.555714909791012,0.6165510434266317,0.029873950244276498,0.4436839375216818,2.7865901968310105,0.23536002802307732,0.7160684186267858,1.2252687568676752,149.68966471387873,0.4568761893031199
1.8,4.4216678413727495,1.0860740736335834,4.5530982191085005,0.6167587551961995,0.029187678815794323,0.4446663610060046,2.785107212432202,0.23656566796698808,0.6871508646108283,1.1782501678607613,158.99948792852695,0.4571511710091218
1.8333333333333335,4.414173714248567,1.1052225889692933,4.550433666226877,0.6169751831436434,0.028512820229635784,0.4456261304303411,2.783620930691122,0.23413990755446257,0.6523166227686257,1.130094165477023,166.57567195859787,0.4574404366721168
1.8666666666666667,4.4065472402426185,1.1243267289809817,4.547721316658587,0.6172002900965025,0.027849470991375712,0.44656362810219696,2.7821313116230053,0.22781201347801094,0.6112635683789293,1.0811735981418715,172.23194181600817,0.45774391214184773
1.9000000000000001,4.3987886293711345,1.1433858712550589,4.544961238170297,0.617434038221564,0.027197726498951,0.4474792395245138,2.780638315667026,0.2173351649772074,0.5635869299428811,1.0318688102730804,175.8340941624901,0.45806152292687463
1.9333333333333333,4.390898094343681,1.1623993934253145,4.542153500790843,0.6176763890306538,0.026557680997734683,0.44837335335787515,2.7791419037040566,0.21004704700588994,0.5217263794252215,0.9825649303583751,177.30287508592158,0.458393194215119
1.9666666666666668,4.382875850579211,1.181366673174101,4.539298176819505,0.6179273033864614,0.02592942753543348,0.44924636138121116,2.7776420370745036,0.20344314653308082,0.5113269141310832,0.9336486332916623,176.6155627499097,0.4587388508944089
2.0,4.3747221162223395,1.2002870882338723,4.536395340834594,0.618186741508398,0.025313057916847483,0.45009865845099667,2.7761386775962134,0.19659959037593222,0.4991246650805795,0.8855041529585391,173.80639196928476,0.4590984175730064
2.033333333333333,4.36643711215983,1.2191600163890697,4.533445069702342,0.6184546629784802,0.024708662658531354,0.4509306424589401,2.7746317875824005,0.189649338985577,0.48447819224436084,0.8385083510166647,168.96592575702894,0.45947181860008907
2.066666666666667,4.358021062037303,1.2379848354783716,4.530447442586125,0.618731026747236,0.02411633094339713,0.4517427142881589,2.7731213298596273,0.18919846300850507,0.46693504211929426,0.7930249281154865,162.23896928429167,0.45985897808616377
2.1,4.3494741922761495,1.2567609233973007,4.5274025409559835,0.6190157911396275,0.02353615057529952,0.4525352777678419,2.7716072677857775,0.19337284436721802,0.44625079015612235,0.7493984440609626,153.8193966660867,0.46025981992338516
2.1333333333333333,4.340796732090652,1.2754876581011996,4.524310448598479,0.6193089138609841,0.022968207933645023,0.45330873962639806,2.7700895652680395,0.1946584512281201,0.4403579543940319,0.7079489066114162,143.94062124839772,0.46067426780575266
2.166666666666667,4.331988913505303,1.2941644176085727,4.521171251626838,0.6196103520029438,0.022412587928067003,0.4540635094430932,2.7685681867808594,0.19333428328014857,0.4423022794850884,0.6689662914227019,132.86520752523091,0.4611022452491609
2.2,4.323050971372328,1.312790580004802,4.517985038491448,0.6199200620493932,0.021869373953209103,0.454799999598178,2.767043097383864,0.18980706332357944,0.4456608157942652,0.632703308104476,120.87831999400008,0.4615436756112724
2.2333333333333334,4.313983143389384,1.3313655234462394,4.5147518999906335,0.6202379998824058,0.021338647843660206,0.4555186252215119,2.765514262739725,0.18457211383709715,0.45026172787312635,0.5993661791290553,108.28316037465757,0.46199848211118927
2.2666666666666666,4.304785670117462,1.349888626164675,4.511471929281773,0.6205641207881688,0.020820489829084257,0.4562198041396876,2.763981649131957,0.18483145224505781,0.45582659806191517,0.5691049857582138,95.39472970951661,0.46246658784888994
2.3000000000000003,4.295458794998959,1.3683592664721915,4.508145221892727,0.6208983794628965,0.02031497848958882,0.45690395682166574,2.7624452234826196,0.19381757777687958,0.4620452651735293,0.5420055674131169,82.53141407741869,0.4629479158244072
2.3333333333333335,4.2860027643759295,1.3867768227664008,4.504771875733574,0.621240730018723,0.019822190711376527,0.457571506322926,2.7609049533699213,0.20276447736321646,0.46863417604821156,0.5180848533536806,70.00525347022635,0.4634423889567137
2.3666666666666667,4.2764178275085145,1.4051406735360712,4.501351991108677,0.6215911259895698,0.019342201642723794,0.45822287822814683,2.759360807045698,0.2115201030915772,0.48290132640176253,0.4972913142701846,58.11286036407584,0.4639499301022877
2.4,4.2667042365935375,1.4234501973671412,4.497885670729059,0.6219495203369818,0.018875084650331383,0.45885850059242494,2.7578127534527486,0.2198606769833067,0.5095128753968063,0.47951162497525385,47.13132928336663,0.4644704620733278
2.4333333333333336,4.25686224678326,1.4417047729491326,4.494373019725103,0.622315865455929,0.018420911276091554,0.4594788038810475,2.756260762242019,0.22921986532415173,0.5351706151510297,0.4645838293318053,37.3162275131171,0.4650039076555876
2.466666666666667,4.2468921162042985,1.4599037790819547,4.490814145659559,0.6226901131805648,0.017979751194316582,0.46008422090783213,2.7547048037895974,0.23722379054784892,0.5589068225247966,0.4523166323063398,28.89267954913068,0.4655501896257971
2.5,4.236794105976698,1.4780465946831096,4.487209158540888,0.6230722147899391,0.017551672169473453,0.46067518677205116,2.753144849213532,0.2410278965902104,0.5797211527624955,0.4425127758316616,22.045406980909558,0.46610923076864375
2.533333333333333,4.226568480233156,1.4961325987952976,4.483558170836906,0.623462121013659,0.017136740014469503,0.4612521387939573,2.751580870390428,0.24211898705342005,0.5966234488532728,0.4349932444291832,16.913880373284204,0.46668095389327935
2.566666666666667,4.216215506138386,1.5141611705944256,4.479861297488757,0.6238597820374925,0.01673501854953359,0.46181551644893054,2.750012839971815,0.24271485822831973,0.6150415509232791,0.4296192996640696,13.590567171300304,0.4672652818493237
2.6,4.205735453908636,1.5321316893980206,4.476118655925211,0.6242651475089089,0.016346569561737224,0.46236576130026663,2.7484407314002746,0.24046731722066228,0.6360519143021727,0.4263098740940015,12.120119388587963,0.46786213754233313
2.6333333333333333,4.195128596831328,1.5500435346740513,4.472330366077266,0.6246781665425546,0.01597145276519992,0.46290331693062936,2.7468645189253045,0.23827811968884915,0.65618381437905,0.42505236557285503,12.499084115194321,0.4684714439487059
2.666666666666667,4.1843952112848415,1.567896086050155,4.468496550393086,0.6250987877256525,0.015609725762022516,0.4634286288721909,2.7452841776188865,0.235099927181047,0.6692998915333693,0.4259054681986072,14.676456974187666,0.4690931241299889
2.7,4.173535576758426,1.5856887233232804,4.46461733385325,0.625526959123328,0.015261444003992007,0.4639421445354839,2.7436996833907834,0.23120364992488596,0.6752004963766178,0.4289933834234773,18.55542160326172,0.46972710124656275
2.7333333333333334,4.162549975872227,1.6034208264697407,4.4606928439863225,0.6259626282838495,0.014926660755100877,0.4644443131369935,2.742111013003494,0.2385423754853937,0.6716987733165252,0.4344916160424643,23.996399149416614,0.470373298570668
2.7666666666666666,4.1514386943974495,1.6210917756556784,4.456723210884751,0.6264057422437839,0.014605427054923391,0.46493558562551685,2.740518144086895,0.2487362822458985,0.6581303067229191,0.4426056242606573,30.82133418404718,0.47103163949874827
2.8000000000000003,4.1402020212766235,1.6387009512479487,4.452708567221077,0.6268562475330597,0.01429779168289078,0.46541641460731764,2.7389210551525314,0.25550335161745963,0.6360035157344208,0.4535447882519579,38.81903672412427,0.4717020475630802
2.8333333333333335,4.128840248643988,1.6562477338254182,4.448649048264471,0.627314090179933,0.01400380112350652,0.46588725427010996,2.7373197256075277,0.25887536365914865,0.6097450465415165,0.4674951987216709,47.751363006657634,0.47238444644265787
2.8666666666666667,4.117353671845979,1.673731504190682,4.444544791897588,0.627779215715854,0.013723499532542214,0.46634856030590033,2.73571413576814,0.2590295935796847,0.6125749893187094,0.48459520975989506,57.36001120501729,0.4730787599733111
2.9,4.1057425894618325,1.6911516433822007,4.440395938633746,0.6282515691802271,0.013456928704253787,0.46680078983272305,2.7341042668728996,0.2562734364318693,0.6223825131667252,0.5049172099126732,67.37370373718201,0.47378491215702223
2.9333333333333336,4.094007303324272,1.7085075326868568,4.436202631634426,0.6287310951250616,0.013204128039656853,0.46724440131530337,2.732490101095346,0.25101977112561746,0.6307042744386306,0.5284576693045351,77.51551657653721,0.4745028271704213
2.966666666666667,4.082148118540304,1.725798553652933,4.431965016727084,0.62921773761951,0.012965134515899167,0.4676798544846841,2.7308716215563344,0.24375482375932667,0.6370660491497563,0.5551356753900741,87.51010802902756,0.47523242937242977
3.0,4.070165343512104,1.743024088103511,4.4276832424232975,0.6297114402542878,0.012739982656767098,0.4681076102568535,2.7292488123359053,0.2350013265861034,0.6409879841080084,0.5847985284630143,97.09061224587626,0.47597364331103115
3.0333333333333337,4.058059289957986,1.7601835181502987,4.423357459937222,0.6302121461459712,0.012528704504362064,0.4685281306504126,2.72762165848469,0.22528032969996814,0.6420000552795272,0.6172320203726295,106.00500670041934,0.4767263937291392
3.066666666666667,4.045830272933459,1.7772762262078743,4.418987823204374,0.6307197979411723,0.01233132959198162,0.46894187870332166,2.725990146034858,0.21507509026346006,0.6396598061278317,0.6521728796017431,114.0218323891205,0.47749060556954864
3.1,4.03347861085238,1.7943015950083603,4.414574488900736,0.6312343378205829,0.01214788491823888,0.46934931838876703,2.724354262010577,0.207650724688637,0.6335731862334195,0.6893213189930402,120.93522104091763,0.47826620397893715
3.1333333333333333,4.021004625508149,1.8112590076165203,4.410117616462163,0.6317557075028889,0.011978394922452647,0.46975091453018947,2.722713994437971,0.20452333294432135,0.6234200635440699,0.7283523317185632,126.56924268350674,0.4790531143109054
3.166666666666667,4.008408642095014,1.8281478474452826,4.405617368104136,0.6322838482485483,0.011822881461339332,0.4701471327155174,2.7210693323545794,0.20165517688907753,0.6089865873611144,0.7689250702861231,130.78161629623798,0.47985126212803103
3.2,3.9956909892294297,1.8449674982716886,4.401073908841813,0.6328187008634324,0.011681363787036433,0.4705384392106496,2.7194202658182975,0.207140841464184,0.5902061954860048,0.8106901722137824,133.46682427106109,0.4806605732029189
3.2333333333333334,3.982851998971483,1.8617173442532693,4.3964874065104045,0.6333602057023252,0.01155385852648595,0.470925300872231,2.717766785915776,0.2084650710457776,0.5672085166696753,0.8532952409352861,134.55863451035182,0.48148097351823005
3.2666666666666666,3.969892006846382,1.8783967699448492,4.391858031785867,0.6339083026722809,0.0114403796622047,0.4713081850597687,2.7161088847702892,0.2054914158497585,0.5403698774990975,0.8963888827933004,134.03194433392363,0.4823123892656749
3.3000000000000003,3.9568113518660075,1.8950051603157756,4.387185958205912,0.6344629312358356,0.011340938514466922,0.4716875595471339,2.7144465555490465,0.19827242593707117,0.5103517444392166,0.9396237659723456,131.9037218236198,0.48315474684395354
3.3333333333333335,3.9436103765505197,1.9115419007675762,4.38247136219132,0.6350240304140706,0.011255543724923182,0.47206389243349844,2.712779792469943,0.18703267278932945,0.4781086645139748,0.982659107999903,128.2327394062416,0.4840079728556315
3.3666666666666667,3.9302894269500137,1.928006377152046,4.377714423067593,0.6355915387895266,0.011184201241677827,0.4724376520537527,2.7111085908077395,0.18486884323875752,0.44485009392815755,1.0251628477146804,123.11792407999879,0.48487199410293735
3.4,3.916848852666228,1.9443979757897607,4.372915323086884,0.6361653945089668,0.01112691430584584,0.47280930688845574,2.7094329468996667,0.18217882477085445,0.41195097690460303,1.0668136150833385,116.69542381950448,0.48574673758247494
3.4333333333333336,3.9032890068742994,1.9607160834890183,4.368074247450273,0.6367455352859873,0.011083683439608088,0.47317932547336583,2.70775285815044,0.17816132199653612,0.3808202096197518,1.107302556471848,109.1346177744249,0.4866321304788378
3.466666666666667,3.889610246344554,1.9769600875652096,4.363191384330325,0.6373318984034728,0.01105450643578244,0.4735481763086025,2.706068323036682,0.1727420233705419,0.35958800872779584,1.1463350648961543,100.63319709395317,0.4875281001571205
3.5,3.8758129314643464,1.9931293758606157,4.358266924893974,0.6379244207158976,0.011039378348926421,0.4739163277674904,2.704379341110745,0.16625487552249418,0.34868691404390006,1.1836324277746935,91.41138863132034,0.4884345741543208
3.5333333333333337,3.8618974262599237,2.009223336764635,4.353301063325696,0.6385230386514709,0.011038291487985394,0.47428424800513697,2.7026859130039296,0.16331923301749107,0.34582167877016834,1.2189333503124873,81.70554641107923,0.48935148016962826
3.566666666666667,3.847864098418332,2.0252413592344367,4.3482939968510035,0.6391276882141251,0.011051235410498432,0.4746524048667953,2.7009880404290936,0.15979133337655282,0.3607120443163233,1.251995301510555,71.76148010006564,0.49027874605359695
3.6,3.8337133193093407,2.041182832816047,4.343245925760224,0.639738304985348,0.011078196918372304,0.4750212657960637,2.6992857261826417,0.15735195448278338,0.37159837931565387,1.282595665208259,61.82782967177414,0.49121629979620113
3.6333333333333333,3.8194454640074036,2.0570471476658554,4.338157053432593,0.6403548241258574,0.011119160055232226,0.47539129774297617,2.6975789741459026,0.16698359281941433,0.37801591667383094,1.3105327144394043,52.14963588673437,0.49216406951377645
3.666666666666667,3.8050609113136336,2.07283369457256,4.333027586360635,0.6409771803771194,0.011174106105356105,0.47576296707203397,2.6958677892858844,0.17822173467456104,0.37979770441361094,1.335626437655595,42.96216462578734,0.4931219834348457
3.7,3.790560043777797,2.0885418649795278,4.327857734174831,0.6416053080627099,0.011243013594197288,0.47613673947023377,2.6941521776553996,0.19059254443692852,0.3770697701158071,1.3577192377328569,34.48504495809703,0.4940899698848372
3.7333333333333334,3.775943247720327,2.104171051007594,4.322647709668593,0.6422391410895214,0.01132585829049893,0.47651307985514346,2.692432146392578,0.20359357423219193,0.370222931643139,1.3766765138424468,26.916821252042517,0.4950679572697006
3.7666666666666666,3.7612109132543425,2.1197206454782846,4.317397728823514,0.6428786129488143,0.011422613210001296,0.47689245228307964,2.6907077037197453,0.2167211435981714,0.36015000712451506,1.3923871287553058,20.430055228046854,0.4960558740584259
3.8000000000000003,3.746363434307682,2.1351900419374674,4.312108010834907,0.6435236567171139,0.011533248620741416,0.47727531985743926,2.6889788589416774,0.22949487666726875,0.3674311326681621,1.4047637598229066,15.167128699127076,0.4970536487644772
3.8333333333333335,3.731401208644935,2.150578634679429,4.306778778137614,0.6441742050569563,0.011657732049942719,0.47766214463723994,2.6872456224432333,0.24147908201521107,0.3780241766843475,1.4137431288410616,11.236890115846908,0.4980612099261525
3.8666666666666667,3.7163246378894823,2.1658858187713803,4.301410256432112,0.6448301902174837,0.011796028292490447,0.47805338754591914,2.685508005686364,0.25230070763043055,0.39469538649394276,1.4192861029967248,8.712261738473401,0.49907848608588123
3.9000000000000004,3.7011341275455276,2.1811109900783903,4.296002674710868,0.6454915440348894,0.011948099420986773,0.4784495082804483,2.683766021206498,0.26166348309450105,0.41854824236961297,1.4213776556658788,7.628886281443762,0.5001054057684736
3.9333333333333336,3.6858300870201237,2.1962535452887484,4.290556265284977,0.646158197932718,0.012113904797377815,0.47885096522081133,2.682019682608315,0.26935745935097233,0.44776231504755515,1.420026671565553,7.984851668636031,0.501141897458341
3.966666666666667,3.6704129296451935,2.2113128819397483,4.285071263811057,0.6468300829220203,0.012293401086142863,0.4792582153399019,2.6802690045608957,0.2752620969938827,0.476749840716046,1.4152655742831934,9.741502751583415,0.5021878895757009
4.0,3.654883072699532,2.226288398443906,4.279547909318402,0.6475071296013666,0.012486542269034421,0.4796717141138905,2.678514002792272,0.2793380751526018,0.5050985983087432,1.4071497423744468,12.82535163710958,0.5032433104517902
4.033333333333333,3.639240937430795,2.2411794941155994,4.273986444236391,0.6481892681567217,0.0126932796613559,0.4800919154331122,2.676754694083363,0.2815937966826,0.532319583308353,1.3957566619823243,17.131182355792767,0.5043080883031048
4.066666666666666,3.6234869490774657,2.255985569198138,4.268387114422141,0.6488764283611832,0.012913561929762054,0.48051927151352725,2.6749910962613193,0.28198647887201866,0.5576316636393623,1.3811847830704354,22.526645776767822,0.5053821512046898
4.1000000000000005,3.6076215368907967,2.2707060248912585,4.262750169188405,0.6495685395745888,0.013147335111565574,0.48095423280880417,2.6732232281922697,0.2802094871731666,0.5796112891775353,1.3635524113555804,28.857920438860628,0.5064654270625056
4.133333333333334,3.5916451341567197,2.285340263379047,4.257075861331702,0.6502655307429931,0.013394542635531588,0.48139724792307526,2.671451109773479,0.2756656196226491,0.5964543977892344,1.3429981169127527,35.95016113399138,0.5075578435848919
4.166666666666667,3.5755581782177273,2.2998876878582895,4.251364447160679,0.6509673303980206,0.013655125344140168,0.4818487635244141,2.669674761924936,0.2680650765931172,0.6072005497263925,1.3196826258987493,43.60330034864458,0.5086593282531621
4.2,3.5593611104947165,2.314347702567245,4.245616186524692,0.6516738666560972,0.013929021517295387,0.48230922425908324,2.6678942065803666,0.2576574155083391,0.6118470703283598,1.2937879484835373,51.60139016991556,0.5097698082913539
4.233333333333333,3.5430543765087883,2.328719712814851,4.239831342842609,0.6523850672175638,0.014216166897457864,0.48277907266659953,2.666109466677678,0.2449295646003805,0.6107234063772473,1.265514655899565,59.72305917439079,0.5108892106351635
4.266666666666667,3.5266384259030037,2.3430031250103527,4.234010183131813,0.6531008593656796,0.014516494716176283,0.4832587490956651,2.664320566148865,0.23040637258304375,0.6041833538138879,1.2350798828240852,67.74711878117091,0.5120174619001029
4.3,3.5101137124640878,2.35719734669336,4.2281529780374125,0.6538211699655153,0.01482993572199188,0.4837486916210091,2.6625275299093656,0.21457549644610996,0.592511233272733,1.202715818754602,75.45763322016288,0.513154488348905
4.333333333333334,3.4934806941440835,2.37130178656433,4.222260001861635,0.6545459254627446,0.015156418209688476,0.48424933596118613,2.6607303838468854,0.22235008482173646,0.5759073798014707,1.1686682541311735,82.6491141631606,0.5143002158582145
4.366666666666667,3.4767398330819392,2.385315854515479,4.216331532593416,0.6552750518823373,0.015495868050859266,0.48476111539737493,2.658929154809705,0.2323317504989878,0.5545127939380675,1.1331950382519846,89.13160550835183,0.5154545698845994
4.4,3.4598915956250393,2.3992389616621197,4.210367851938154,0.65600847482716,0.015848208725760263,0.48528446069322134,2.6571238705944777,0.23916301787938798,0.5284601974971821,1.096564399679597,94.73547311029928,0.5166174754299201
4.433333333333334,3.4429364523506605,2.413070520374425,4.204369245347636,0.656746119476489,0.01621336135641908,0.4858198000157675,2.6553145599335277,0.242386427969705,0.4979439148346506,1.0590530988037183,99.3157693034618,0.5177888570060911
4.466666666666667,3.425874878087357,2.426809944309624,4.198336002050115,0.6574879105844418,0.016591244740966432,0.48636755885750893,2.6535012524816715,0.241658004561647,0.46329905179715036,1.0209443867579535,102.75605564205523,0.5189686385992776
4.5,3.4087073519362634,2.4404566484446173,4.192268415080536,0.658233772478332,0.016981775389156697,0.486928159959618,2.6516839788025597,0.23679824990081466,0.4319985037532993,0.9825257523969584,104.97154381402076,0.5201567436335621
4.533333333333333,3.391434357292319,2.454010049109028,4.1861667813109,0.6589836290569555,0.01738486755904276,0.4875020232363755,2.6498627703545683,0.22783124256454856,0.4387317557739583,0.944086453740554,105.91137109312318,0.5213530949341265
4.566666666666666,3.3740563818653944,2.4674695640186752,4.180031401480748,0.6597374037888112,0.017800433294769245,0.48808956570084544,2.648037659476245,0.21500270354574513,0.4426105627213299,0.9059148490303957,105.55980765239929,0.5225576146899863
4.6000000000000005,3.356573917701328,2.4808346123094775,4.1738625802277625,0.6604950197102648,0.01822838246544746,0.4886912013918315,2.6462086793713246,0.19877166156366222,0.4435777192324244,0.8682955575590703,103.93624476803768,0.523770224416321
4.633333333333334,3.3389874612028603,2.4941046145717842,4.167660626118469,0.6612563994236613,0.018668622805074336,0.4893073413021487,2.6443758640933317,0.2038285077947939,0.4462204380205378,0.8315064838798324,101.09393903417683,0.5249908449164442
4.666666666666667,3.3212975131504585,2.5072789928851353,4.161425851679027,0.6620214650953926,0.01912105995345682,0.48993839330824673,2.6425392485297845,0.20987076939701044,0.448071374861721,0.795815726629055,97.11764350594851,0.5262193962434552
4.7,3.303504578723032,2.52035717085345,4.155158573426102,0.6627901384539262,0.019585597498102465,0.4905847621012153,2.640698868386013,0.214917085766143,0.4478673133222164,0.7614783676589176,92.12038291689171,0.5274557976616158
4.733333333333333,3.285609167518522,2.5333385736406404,4.148859111897794,0.6635623407878036,0.02006213701703624,0.4912468491192041,2.6388547601686074,0.21898954717655916,0.4458213119934028,0.728733114203733,86.23967786145992,0.5286999676074994
4.766666666666667,3.2676117935743716,2.5462226280066607,4.142527791684621,0.6643379929436142,0.020550578122502928,0.49192505248128754,2.6370069611685194,0.22210833891480053,0.4422147346840587,0.6977987760652314,79.63346647463024,0.5299518236509547
4.8,3.24951297538786,2.5590087623439803,4.136164941460548,0.6651170153239497,0.021050818505513862,0.4926197669228031,2.6351555094438197,0.2242923126712295,0.48133099594010575,0.6688706265215969,72.47584090363618,0.5312112824559287
4.833333333333334,3.2313132359362973,2.5716964067144854,4.129770894014013,0.6658993278853517,0.02156275398119636,0.4933313837321894,2.6333004438021406,0.22556299765259258,0.5225053167840594,0.6421168146550112,64.95259975764209,0.5324782597411986
4.866666666666667,3.213013102697076,2.584284992886814,4.123345986278994,0.666684850136252,0.02208627853490366,0.4940602906893514,2.6314418037828107,0.22594885611689808,0.5618521281314767,0.6176751322409116,57.25659052041222,0.5337526702410532
4.9,3.1946131076675632,2.596773954374116,4.116890559366036,0.6674735011349204,0.022621284369042868,0.49480687200557705,2.629579629638706,0.22548763326696986,0.5984811929076399,0.5956505488539827,49.582865322716785,0.5350344276659744
4.933333333333334,3.1761137873848386,2.6091627264722437,4.11040495859327,0.6682651994874209,0.023167661950578015,0.49557150826502705,2.6277139623178254,0.224226117777359,0.631561204133745,0.5761139828377023,42.12373865143366,0.53632344466336
4.966666666666667,3.1575156829452617,2.621450746298376,4.103889533517392,0.6690598633455891,0.023725300059165268,0.49635457636782143,2.625844843444619,0.2222176448974148,0.6603652203318486,0.5591027479853862,35.063878402963155,0.5376196327783399
5.0,3.1388193400238604,2.6336374528300643,4.097344637964575,0.6698574104050343,0.024294085835876875,0.4971564494747417,2.623972315301071,0.21951811442293745,0.6843087115777936,0.5446229862650743,28.57557931457573,0.5389229024147271
5.033333333333333,3.1200253088935392,2.6457222869447166,4.09077063006131,0.6706577579031762,0.02487390483247066,0.4979774969535679,2.622096420807573,0.2161813676142993,0.7029777555681441,0.5326541628902419,22.814368322991058,0.5402331627961501
5.066666666666666,3.1011341444440967,2.6577046914595006,4.084167872265152,0.6714608226173219,0.025464641061161537,0.49881808432706837,2.6202172035035844,0.21225467031596734,0.7161457377257313,0.5231553894820675,17.915079520416672,0.5415503219274158
5.1000000000000005,3.082146406201037,2.669584111171687,4.0775367313953526,0.6722665208627923,0.02606617704485159,0.49967857322265646,2.61833470752811,0.20777488847868453,0.7255568502876346,0.5160730142515858,13.98851448546655,0.5428742865561426
5.133333333333334,3.0630626583441805,2.6813599928994125,4.070877578663359,0.6730747684911055,0.026678393867775534,0.500559321323731,2.6164489776000126,0.20276576090381226,0.7315897835680509,0.5113486522949443,11.118775874142553,0.5442049621347176
5.166666666666667,3.0438834697260497,2.6930317855228787,4.064190789703165,0.6738854808882228,0.027301171226518286,0.5014606823227119,2.6145600589981672,0.19723651275453513,0.7330184283900709,0.508926693001447,9.361334543801899,0.5455422527826131
5.2,3.024609413890035,2.7045989400259756,4.057476744601483,0.6746985729728681,0.027934387481361556,0.5023830058757821,2.6126679975414864,0.19313429248018354,0.7300791673127849,0.5087603528532214,8.741869469846979,0.5468860612491165
5.233333333333333,3.0052410690883216,2.7160609095383332,4.050735827927726,0.675513959194925,0.028577919707916864,0.5033266375593481,2.610772839568818,0.2026530190378456,0.7230732817180859,0.5108155378294318,9.255908501208236,0.548236288876509
5.266666666666667,2.985779018299573,2.727417149377804,4.043968428763769,0.6763315535339219,0.029231643749002424,0.5042919188282253,2.608874631918748,0.21046007237963993,0.7123452182493852,0.5150721022751388,10.869293410102362,0.5495928355637448
5.3,2.9662238492463606,2.7386671170933687,4.0371749407334825,0.6771512694976111,0.029895434266721817,0.5052791869755572,2.6069734219093195,0.21645644230690986,0.6982646484626911,0.5215224782031435,13.519482558867274,0.5509555997306682
5.333333333333334,2.9465761544123286,2.7498102725084723,4.0303557620319905,0.6779730201206499,0.030569164794702855,0.5062887750944737,2.6050692573176715,0.22057543760934495,0.6812159940793091,0.5301680223678066,17.117670360043398,0.5523244782828147
5.366666666666667,2.9268365310590885,2.7608460777647825,4.023511295454654,0.678796717963392,0.03125270779045531,0.5073210120414923,2.6031621863596386,0.2227795726562355,0.6703456513949981,0.5410137053103695,21.55163626683192,0.5536993665768358
5.4,2.9070055812428253,2.771773997366375,4.016641948425738,0.6796222751107955,0.03194593468780693,0.508376222401668,2.6012522576693002,0.2230563541269167,0.6561630731405788,0.5540618907147435,26.689163379639634,0.5550801583865907
5.433333333333334,2.8870839118306137,2.782593498224344,4.009748133026755,0.6804496031714554,0.03264871594937755,0.5094547264554905,2.5993395202785208,0.22141379629319247,0.6391123305982817,0.5693059349241523,32.38184084939906,0.5564667458699438
5.466666666666667,2.867072134516427,2.7933040497018355,4.002830266024436,0.6812786132767685,0.03336092111905178,0.5105568401475308,2.5974240235964747,0.21787660005238674,0.6196126355400883,0.5867242421265391,38.469106519812534,0.5578590195363093
5.5,2.846970865836835,2.8039051236595003,3.9958887688983205,0.6821092160802372,0.03408241887441134,0.5116828750568364,2.5955058173891836,0.21248385359494182,0.5979925396253974,0.6062752924714628,44.782451582502304,0.5592568682149797
5.533333333333333,2.8267807271863705,2.8143961945013682,3.988924067867937,0.6829413217569201,0.03481307707908902,0.5128331383690726,2.5935849517590785,0.20528884021574578,0.5774977238778346,0.6278940162535115,51.14973902555024,0.5606601790242786
5.566666666666667,2.806502344832564,2.8247767392211456,3.9819365939195372,0.6837748400030371,0.03555276283500665,0.5140079328504076,2.5916614771246027,0.19636110980315402,0.5583054999989461,0.6514897050926716,57.39957368018088,0.5620688373415765
5.6000000000000005,2.7861363499306253,2.835046237448927,3.9749267828323664,0.6846096800357341,0.03630134253446043,0.5152075568231346,2.589735444199863,0.19067660799109198,0.5518098727226176,0.6769454535851136,63.365633169517906,0.5634827267741996
5.633333333333334,2.765683378537771,2.845204171498322,3.967895075204428,0.6854457505930169,0.037058681912017825,0.5164323041430278,2.587806903974353,0.19190738028997134,0.5580233834348055,0.704118957132653,68.89085025343591,0.564901729131274
5.666666666666667,2.7451440716271764,2.8552500264140006,3.960841916477731,0.6862829599338597,0.037824646096190837,0.5176824641784233,2.585875907692757,0.1928744607002999,0.5643083338319506,0.7328443861505322,73.83133275769681,0.5663257243965372
5.7,2.7245190751015436,2.865183290019645,3.9537677569629666,0.6871212158384945,0.03859909966085163,0.5189583217910179,2.5839425068348443,0.19367676276909562,0.570597574030266,0.7629350196436064,78.05991290694475,0.5677545907021478
5.733333333333333,2.703809039806281,2.875003452966318,3.9466730518636095,0.6879604256088903,0.03938190667635707,0.5202601573183757,2.5820067530954782,0.19439010646192179,0.5767411437456116,0.7941863382648464,81.46922912339868,0.5691882043035308
5.766666666666667,2.6830146215422697,2.884710008781235,3.939558261299386,0.6888004960694274,0.04017293076034999,0.5215882465581333,2.580068698364742,0.19506236683699874,0.5825075532178127,0.8263793266839069,83.9742584407698,0.5706264395552878
5.8,2.6621364810782087,2.8943024539169397,3.932423850329093,0.6896413335677718,0.040972035128205485,0.5229428607538914,2.578128394708194,0.19571169126057253,0.5875894169213858,0.8592837970969953,85.51423615636901,0.572069168888199
5.833333333333334,2.641175284162538,2.903780287800887,3.925270288972731,0.6904828439759594,0.04177908264309215,0.5243242665827796,2.576185894347277,0.19632715399225054,0.5916128681032053,0.8926616055890864,86.05392060643668,0.5735162627873535
5.866666666666667,2.620131701534906,2.913143012885422,3.918098052232914,0.6913249326916934,0.04259393586561844,0.5257327261446836,2.5742412496398734,0.19687124754163232,0.594150076890522,0.9262696830432047,85.58418366688653,0.5749675897714288
5.9,2.599006408937186,2.922390134698156,3.910907620115524,0.6921675046398629,0.043416457103035884,0.5271684969531172,2.572294513061036,0.19728372086710033,0.5947341760162513,0.9598628399476412,84.12192979920883,0.5764230163731533
5.933333333333334,2.577800087124022,2.9315211618927375,3.9036994776495746,0.6930104642742873,0.04424650845797171,0.5286318319277261,2.5703457371838963,0.19748640465305634,0.5928759726074618,0.9931963306960286,81.70936605722144,0.5778824071209728
5.966666666666667,2.5565134218728893,2.9405356063000108,3.8964741149062445,0.6938537155796927,0.045083951876664315,0.5301229793884065,2.5683949746607553,0.1973887705777333,0.5880819747455887,1.0260281802290283,78.41266068945875,0.5793456245219479
6.0,2.5351471039936584,2.949432982979561,3.8892320270170493,0.6946971620739278,0.045928649196676365,0.5316421830510215,2.5664422782043816,0.19689403099117275,0.5901039694285832,1.0581212867468068,74.32003794661196,0.5808125290459081
6.033333333333333,2.5137018293376525,2.9582128102716414,3.8819737141911075,0.6955407068104215,0.046780462194061075,0.5331896820246966,2.5644877005695146,0.19816720599462145,0.5903182356230655,1.089245320812356,69.53936188760423,0.5822829791108807
6.066666666666667,2.492178298806177,2.966874609849476,3.874699681731467,0.6963842523808897,0.04763925262995855,0.5347657108106777,2.5625312945345824,0.20622089147366773,0.5869523788051242,1.1191784447709716,64.19526428568945,0.5837568310698217
6.1000000000000005,2.470577218358519,2.9754179067719404,3.867410440050452,0.6972277009182981,0.04850488229659973,0.5363704993027297,2.5605731128836515,0.2130749010998475,0.5794723983195522,1.1477088776353628,58.42587409931171,0.5852339391986645
6.133333333333334,2.448899299019386,2.9838422295366085,3.8601065046839884,0.6980709541000816,0.04937721306269713,0.5380042727890575,2.558613208388612,0.21850200728132663,0.5712601701960938,1.1746363295816422,52.37921125784878,0.5867141556857091
6.166666666666667,2.4271452568857925,2.992147110133159,3.8527883963048652,0.6989139131516297,0.05025610691820201,0.5396672519557264,2.556651633791597,0.22227830372657342,0.5633529008626936,1.1997733269373945,46.209317231085784,0.5881973306223673
6.2,2.4053158131333605,3.000332084097151,3.845456640734901,0.6997564788500398,0.05114142601840915,0.5413596528915644,2.5546884417876643,0.224198072296388,0.549869856403051,1.2229464429958503,40.07220846742824,0.5896833119952846
6.233333333333333,2.383411694022027,3.0083966905641373,3.838111768955954,0.7005985515281447,0.05203303272739118,0.543081687094519,2.5527236850077246,0.22409073940476465,0.5306871658204458,1.243997442278135,34.12175416468041,0.591171945679849
6.266666666666667,2.361433630901154,3.0163404723241416,3.830754317119754,0.7014400310788167,0.052930789660745624,0.5448335614794493,2.5507574160017428,0.22183842957558353,0.5058603193202392,1.2627843364545708,28.50559438285075,0.5926630754351097
6.3,2.339382360214008,3.024162975876465,3.823384826556498,0.702280816959555,0.0538345597276389,0.5466154783873304,2.5487896872222047,0.21739214166192278,0.49445472635391763,1.2791823402054483,23.36122564476087,0.594156542900111
6.333333333333334,2.3172586235016137,3.0318637514848326,3.8160038437821675,0.703120808197359,0.05474420617213232,0.5484276355958442,2.5468205510078605,0.21078432251943713,0.4932422580413509,1.293084707026964,18.812385502139705,0.5956521875916623
6.366666666666667,2.295063167405954,3.0394423532328667,3.808611920504529,0.7039599033938904,0.05565959261377655,0.5502702263313335,2.5448500595677537,0.20213573297964627,0.4905372320240303,1.3044034211502002,14.965860416361695,0.5971498469035478
6.4,2.2727967436725085,3.046898339079888,3.801209613627764,0.7047980007309304,0.05658058308746159,0.552143439282096,2.542878264965534,0.1916550563059215,0.48625945680814053,1.3130697243592113,11.908819382093856,0.5986493561071934
6.433333333333334,2.250460109152118,3.0542312709170214,3.793797485255686,0.7056349979761323,0.0575070420825108,0.5540474586129905,2.5409052191040606,0.17963063321901596,0.4803572439625656,1.3190344652442134,9.706741614062988,0.6001505483537952
6.466666666666667,2.228054025802153,3.061440714623618,3.7863761026934912,0.706470792489076,0.05843883458100808,0.5559824639813324,2.538930973710306,0.16641484197483403,0.47280623449570935,1.3222682703043345,8.40197006880894,0.6016532546779207
6.5,2.205579260686979,3.068526240123972,3.7789460384480065,0.7073052812276249,0.05937582609534863,0.5579486305540508,2.5369555803205546,0.16657782346261973,0.4636058888105723,1.3227615471209282,8.012895076919984,0.6031573040025916
6.533333333333333,2.1830365859777014,3.0754874214443317,3.7715078702263742,0.7081383607545892,0.060317882705004454,0.5599461290260829,2.5349790902659093,0.17251469716216794,0.45277452186035894,1.320524336346046,8.533759454993774,0.6046625231458479
6.566666666666667,2.1604267789511775,3.0823238367701937,3.764062180933132,0.7089699272446986,0.06126487109249687,0.5619751256399789,2.533001554658102,0.177439989831208,0.44034403728562965,1.3155860305404299,9.935074737541562,0.6061687368288082
6.6000000000000005,2.137750621988279,3.0890350685038697,3.7566095586656303,0.7097998764918857,0.06221665857856918,0.5640357822066879,2.5310230243756133,0.18130533564842,0.4263556545803986,1.3079949750567361,12.164638769518785,0.6076757676852211
6.633333333333334,2.1150089025713896,3.095620703322325,3.749150596707745,0.7106281039168834,0.06317311315655358,0.5661282561275047,2.5290435500501047,0.1840847925153939,0.4286636261715354,1.2978179612996912,15.149139646665597,0.6091834362725183
6.666666666666667,2.0922024132811274,3.1020803322352677,3.7416858935218285,0.7114545045751389,0.06413410352592727,0.568252700417142,2.5270631820531646,0.18577306236990587,0.4416008552014219,1.2851396178555423,18.796316517575505,0.6106915610843671
6.7,2.0693319517922784,3.1084135506434882,3.7342160527388475,0.712278973165045,0.06509949912505364,0.5704092637279087,2.5250819704833725,0.18638407937241808,0.4506032370687477,1.2700617015613296,22.997626048029545,0.6121999585647273
6.733333333333333,2.0463983208689185,3.1146199583974377,3.726741683146658,0.7131014040364895,0.06606917016310522,0.5725980903749622,2.5230999651536736,0.18595037781467627,0.4555290941386293,1.252702289170056,27.6313395249881,0.6137084431234082
6.766666666666667,2.023402328358721,3.120699159856031,3.7192633986763606,0.7139216911997275,0.06704298765116605,0.5748193203626083,2.521117215579078,0.18452333381637398,0.45635620173401314,1.2331948707987528,32.56597488653803,0.6152168271531304
6.8,2.0003447871864286,3.126650763945672,3.711781818386686,0.7147397283345743,0.0680208234325116,0.5770730894116236,2.519133770964674,0.18217397802801127,0.4602582771794611,1.2116873483773478,37.66395354976197,0.6167249210480868
6.833333333333334,1.977226515346479,3.1324743842194764,3.7042975664463524,0.715555408799923,0.0690025502120658,0.5793595289875695,2.5171496801939655,0.17899367862392546,0.46446607810381146,1.188340945261157,42.78536432609397,0.6182325332240047
6.866666666666667,1.9540483358947651,3.138169638916699,3.696811272114343,0.716368625643584,0.06998804158503472,0.5816787663300728,2.515164991817523,0.17509369536254216,0.4648386115974006,1.1633290364238933,47.79171501742911,0.6197394701396995
6.9,1.9308110769395255,3.14373615102234,3.689323569718049,0.7171792716124517,0.07097717206471772,0.5840309244830454,2.5131797540419587,0.1706025092632777,0.4614799928008365,1.1368359115728275,52.54955568602371,0.6212455363201236
6.933333333333334,1.9075155716313434,3.1491735483269268,3.6818350986292225,0.7179872391629936,0.07196981710949775,0.5864161223258137,2.5111940147192167,0.17032116181610335,0.454589966303255,1.1090554853726695,56.93386639846587,0.6227505343808968
6.966666666666667,1.8841626581522433,3.1544814634864515,3.674346503237678,0.7187924204720678,0.07296585314901237,0.5888344746051329,2.5092078213361835,0.1705561639617409,0.4444436787615411,1.0801899688541947,60.831117414456195,0.6242542650543232
7.0,1.860753179703872,3.15965953408246,3.666858432922692,0.7195947074480634,0.0739651576095087,0.5912860919680575,2.507221221004615,0.16946187938626078,0.439284124365373,1.0504485131678198,64.14193145404315,0.6257565272168764
7.033333333333333,1.837287984494753,3.1647074026822737,3.6593715420220416,0.720393991742367,0.0749676089383856,0.5937710809956401,2.5052342604513784,0.16716930660453666,0.4341610784318277,1.020045830610136,66.78330379145156,0.6272571179181528
7.066666666666667,1.8137679257265955,3.1696247168993406,3.651886489798633,0.7211901647611537,0.07597308662792694,0.5962895442374353,2.503246986009009,0.1638261553720054,0.4267547416465849,0.9892007884902919,68.69036207610628,0.6287558324112837
7.1000000000000005,1.7901938615796518,3.1744111294536825,3.6444039404046404,0.721983117677503,0.07698147123823101,0.5988415802467749,2.5012594436065783,0.1595892712557705,0.4170595774568928,0.9581349600416856,69.81766837455402,0.6302524641847946
7.133333333333334,1.7665666551971058,3.179066298232451,3.636924562843127,0.7227727414438374,0.07799264441934083,0.6014272836167958,2.4992716787608766,0.1546168925796778,0.40498703287880966,0.9270711052873145,70.14007627925285,0.6317468049959056
7.166666666666667,1.7428871746684818,3.1835898863505565,3.6294490309270677,0.7235589268046831,0.07900648893258146,0.6040467450171879,2.497283736567901,0.14906126326405555,0.39035892546890527,0.8962315462411302,69.65315443432131,0.6332386449052569
7.2,1.7191562930120623,3.18798156221137,3.6219780232357324,0.7243415643097519,0.08002288867111051,0.606700051231639,2.495295661694645,0.1436555318142616,0.3729192170501612,0.8658363979081913,68.37317719551902,0.6347277723130533
7.233333333333333,1.695374888156301,3.1922409995674723,3.6145122230683526,0.7251205443273431,0.08104172867968848,0.6093872851959484,2.4933074983712036,0.14170316461710875,0.3523670352885284,0.8361016216237863,66.3366698772041,0.6362139739966126
7.266666666666667,1.6715438429202185,3.196367877581447,3.607052318395038,0.7258957570580624,0.08206289517367646,0.6121085260367857,2.491319290383167,0.13852562938254198,0.33574730549378595,0.8072368818456174,63.599487950963876,0.6376970351493056
7.300000000000001,1.6476640449927729,3.200361880886691,3.5995990018048603,0.7266670925488588,0.08308627555726882,0.6148638491110671,2.489331081064319,0.1345161115038398,0.3400903904750031,0.7794432119677557,60.23541231305011,0.6391767394208766
7.333333333333334,1.6237363869111892,3.2042226996482377,3.5921529704510697,0.7274344407073717,0.08411175844096876,0.6176533260459252,2.4873429132896283,0.13686772309718365,0.3597261502210455,0.7529105282258203,56.33425740258755,0.6406528689591215
7.366666666666667,1.5997617660382417,3.207950029623567,3.584714925993368,0.7281976913165944,0.08513923365831566,0.6204770247792465,2.4853548294685295,0.14154195347890608,0.37812120191691423,0.7278150709999689,51.999512130266204,0.642125204452922
7.4,1.5757410845384725,3.211543572223397,3.5772855745371936,0.7289567340498425,0.08616859228187299,0.6233350096007517,2.4833668715384962,0.14498107139054806,0.39743252143223873,0.7043168953350963,47.34555991322249,0.643593525176607
7.433333333333334,1.5516752493533401,3.215003034572429,3.5698656265699524,0.7297114584860311,0.08719972663848585,0.6262273411935959,2.481379080958894,0.14709587106883815,0.4158912471757744,0.6825575694945447,42.494549309768715,0.6450576090356342
7.466666666666667,1.5275651721752876,3.2183281295700414,3.562455796894148,0.7304617541252555,0.08823253032381816,0.6291540766764623,2.4793914987051195,0.14783033084437736,0.4316100579716079,0.6626582588400817,37.57300899652682,0.6465172326135691
7.5,1.5034117694207179,3.221518575950903,3.5550568045573434,0.7312075104046707,0.08926689821617899,0.6321152696461265,2.4774041652630117,0.14716488841377706,0.44426200507630553,0.6447183491940492,32.70832002416321,0.647972171220346
7.533333333333333,1.4792159622018688,3.2245740983455025,3.547669372778911,0.7319486167146699,0.09030272648964845,0.6351109702204689,2.4754171206235376,0.1451185225108641,0.4536478406255051,0.6288146444103295,28.025173560979567,0.6494221989417939
7.566666666666667,1.4549786762975778,3.2274944273405666,3.5402942288735075,0.7326849624153544,0.09133991262651367,0.6381412250819108,2.4734304042777486,0.14658741131252118,0.4597055063479638,0.6150007562578687,23.642142746234274,0.6508670886904026
7.6000000000000005,1.4307008421229286,3.2302792995393492,3.5329321041712203,0.7334164368532956,0.09237835542902532,0.6412060775212514,2.4714440552120034,0.15593888358319397,0.46250934428474544,0.6033046317251495,19.668442173198823,0.6523066122573179
7.633333333333334,1.406383394697767,3.232928457621783,3.525583733934336,0.7341429293785814,0.09341795503048586,0.6443055674818838,2.4694581119034447,0.16293856232766368,0.462259215867014,0.5937185433066371,16.20247933733488,0.65374054036554
7.666666666666667,1.382027273614085,3.235441650404463,3.5182498572706766,0.7348643293621441,0.09445861290568049,0.647439731604369,2.4674726123157398,0.16751194616522957,0.4592570993787106,0.5862046713089405,13.331547337649267,0.6551686427243006
7.7,1.357633423002259,3.2378186329004546,3.5109312170434497,0.7355805262133666,0.09550023188066215,0.6506086032713421,2.4654875938950704,0.16966611562569023,0.48287965910885877,0.5807391948970994,11.115603325248888,0.6565906880846081
7.733333333333333,1.333202791496136,3.2400591663789,3.503628559777566,0.7362914093979609,0.09654271614190212,0.6538122126527365,2.46350309356637,0.16947856804723282,0.5058703712156988,0.5773108631253292,9.59515056554697,0.6580064442959275
7.766666666666667,1.308736332196963,3.242163018424408,3.496342635562371,0.7369968684561153,0.0975859712448177,0.6570505867512971,2.4615191477298053,0.1670825060272394,0.5298465446757252,0.5759098560993605,8.794669485420467,0.6594156783639802
7.800000000000001,1.2842350026361526,3.2441299629962046,3.489074197950745,0.737696793020904,0.09862990412168891,0.6603237494483676,2.459535792257494,0.16264965519594388,0.5547018864323623,0.5765260464637743,8.721329947070874,0.6608181565096345
7.833333333333334,1.259699764736873,3.2459597804870355,3.4818240038545283,0.7383910728369548,0.09967442308897574,0.6636317215499301,2.4575530624904642,0.16392643705304155,0.576569966020201,0.5791486540033624,9.364757377737348,0.662213644228867
7.866666666666667,1.2351315847744666,3.247652257781781,3.474592813436214,0.739079597779371,0.10071943785404841,0.6669745208328769,2.4555709932358307,0.16384925257065852,0.5944849457237183,0.5837655024216856,10.69723867639711,0.6636019063537686
7.9,1.210531433335682,3.2492071883157867,3.4673813899968837,0.7397622578728984,0.10176485952134205,0.6703521620914954,2.4535896187642083,0.16221167546738546,0.6075331755508494,0.5903616870493498,12.674321083704774,0.6649827071145691
7.933333333333334,1.1859002852767204,3.250624372132872,3.4601904998603232,0.7404389433113356,0.10281060059794841,0.6737646571841467,2.4516089728073376,0.15943959249818163,0.614911754458354,0.5989177484739994,15.23586574093199,0.6663558102026574
7.966666666666667,1.16123911968009,3.25190361594301,3.4530209122533,0.7411095444771801,0.10385657499865641,0.6772120150801209,2.4496290885559318,0.15891407476289776,0.6159749674862836,0.6094075322637473,18.307568783571952,0.6677209788345694
8.0,1.1365489198102634,3.253044733179646,3.445873399181942,0.741773951961503,0.10490269805045377,0.6806942419066487,2.4476499986577314,0.1579025711819637,0.6102681301900705,0.6217959494027572,21.802904702172583,0.6690779758169151
8.033333333333333,1.1118306730681373,3.2540475440566454,3.4387487353041997,0.7424320565840472,0.1059488864965019,0.6842113409960542,2.4456717352157624,0.17513163717074354,0.5975499869631135,0.6360368559391079,25.625413601582892,0.6704265636122203
8.066666666666666,1.0870853709442878,3.254911875624844,3.4316476977983505,0.7430837494135447,0.10699505849959627,0.6877633129330285,2.443694329786802,0.18784819370740302,0.6073907718055273,0.652071246135024,29.671246348323486,0.6717665044056556
8.1,1.0623140089710204,3.2556375618281823,3.4245710662275113,0.7437289217882419,0.10804113364512419,0.6913501556020103,2.4417178133800372,0.1957006935245751,0.6149075273780042,0.6698259056527563,33.83188754286201,0.6730975601726198
8.133333333333333,1.0375175866732131,3.256224443559402,3.4175196224001327,0.7443674653366301,0.10908703294353249,0.6949718642346545,2.4397422164559166,0.19853526418303968,0.6131870473559867,0.6892126096477302,37.996983152897826,0.6744194927471537
8.166666666666668,1.0126971075179498,3.2566723687152854,3.410494150226452,0.7449992719983731,0.1101326788323168,0.6986284314573746,2.4377675689251883,0.1963973888750682,0.6032524766644438,0.7101278875564045,42.05720023004866,0.6757320638911528
8.200000000000001,0.9878535788629451,3.256981192251414,3.4034954355708735,0.7456242340454236,0.11117799517754479,0.7023198473389416,2.4357939001481226,0.18952432536414587,0.5861667236446921,0.7324533232131045,45.90704042064418,0.677035035364348
8.233333333333334,0.9629880119037534,3.2571507762364327,3.3965242661002644,0.7462422441033225,0.11222290727492515,0.7060460994381246,2.4338212389339104,0.1783265225643621,0.5629487510591858,0.7560563225854539,49.44752272441854,0.6783281689950246
8.266666666666667,0.938101421619772,3.2571809899057844,3.389581431128136,0.7468531951726739,0.11326734185043434,0.7098071728513596,2.4318496135402374,0.17434110601919928,0.5345164312941321,0.7807912630535955,52.58865142198799,0.6796112267514491
8.3,0.9131948267190306,3.2570717097149102,3.382667721454711,0.7474569806507871,0.11431122706051286,0.7136030502604297,2.429879051673025,0.17740184937566805,0.5016549893615785,0.8065009344089581,55.25159620478674,0.6808839708139734
8.333333333333334,0.8882692495817706,3.2568228193918802,3.375783929202851,0.7480534943534793,0.11535449249184276,0.7174337119801444,2.427909580486337,0.18004263609334537,0.4650083354058431,0.8330181873063336,57.37053133553655,0.6821461636477816
8.366666666666667,0.8633257162028174,3.2564342099894454,3.3689308476498434,0.7486426305370286,0.11639706916071815,0.7212991360060023,2.425941226582446,0.18223772373747116,0.4577676758969278,0.8601677149746568,58.894102693087845,0.6833975680762462
8.4,0.838365256132745,3.2559057799364783,3.3621092710550458,0.7492242839202735,0.11743888951202021,0.725199298061827,2.4239740160120546,0.1839623378783134,0.45333051986032313,0.8877679054986204,59.786508952658785,0.684637947354869
8.433333333333334,0.8133889024178369,3.2552374350887874,3.355319994483376,0.749798349706846,0.1184798874178079,0.7291341716473596,2.4220079742746674,0.185193712453676,0.44793771482701195,0.9156327134316433,60.02819246466411,0.6858670652457608
8.466666666666667,0.7883976915388458,3.2544290887792857,3.348563813624664,0.7503647236075337,0.11951999817553606,0.7331037280857977,2.4200431263191082,0.18591238277538003,0.4418805455790813,0.9435735102209446,59.61613792376657,0.6870846860926366
8.5,0.7633926633485562,3.2534806618674863,3.3418415246088644,0.7509233018627606,0.12055915850591167,0.7371079365712682,2.418079496544186,0.18610364038604144,0.4354739999380851,0.9714008824460298,58.5637773388831,0.6882905748962875
8.533333333333333,0.7383748610081542,3.252392082788306,3.33515392381714,0.7514739812651786,0.12159730655039958,0.7411467642162213,2.416117108799487,0.18575904778492036,0.42905369263633986,0.9989263547705983,56.90050319068014,0.6894844973904951
8.566666666666666,0.7133453309224075,3.251163287600158,3.3285018076888386,0.7520166591823608,0.12263438186838832,0.7452201760987349,2.4141559863863113,0.18487790668463333,0.42296999784637745,1.0259640206190825,54.67080048577136,0.6906662201183521
8.6,0.688305122673664,3.24979422003231,3.321885972524376,0.7525512335795883,0.12367032543402709,0.7493281353097179,2.4121961520587365,0.18346857335843259,0.4175793822835637,1.0523320682321708,51.9330211081045,0.6918355105089586
8.633333333333333,0.6632552889546719,3.248284831531486,3.3153072142840516,0.7530776030427208,0.12470507963274415,0.753470603000002,2.4102376280247992,0.1815495168860387,0.41323320755748116,1.0778541937008361,48.75783565990308,0.6929921369544508
8.666666666666668,0.6381968855002293,3.2466350813076925,3.308766328382831,0.7535956668011432,0.12573858825745715,0.7576475384273123,2.4082804359478107,0.17915002019463022,0.4102643959102914,1.102360896676342,45.22640401001633,0.6941358688873343
8.700000000000001,0.6131309710176704,3.2448449363792458,3.3022641094811154,0.7541053247507769,0.12677079650448578,0.7618588990031039,2.4063245969477776,0.17631043074985053,0.40897231951417923,1.1256906591053721,41.42830477303622,0.695266476858075
8.733333333333334,0.5880586071161946,3.242914371616984,3.2958013512715567,0.7546064774771496,0.12780165096917648,0.766104640339258,2.404370131602944,0.17308187972128442,0.4096061885809268,1.1476910121415922,37.45926000352274,0.696383732612924
8.766666666666667,0.5629808582350484,3.2408433697876338,3.2893788462619407,0.7550990262785112,0.1288310996412496,0.7703847162946262,2.402417059951441,0.16952540787624415,0.4123472690472457,1.1682195002455114,33.41869167573178,0.6974874091719258
8.8,0.5378987915705677,3.238631921596323,3.2829973855542085,0.7555828731889893,0.12985909189987851,0.7746990790214158,2.400465401493042,0.1657104651772724,0.4172906082262694,1.1871445532189882,29.40715598775668,0.6985772809070828
8.833333333333334,0.5128134770020896,3.2362800257282074,3.2766577586196486,0.7560579210017712,0.13088557850850954,0.779047679011403,2.3985151751910165,0.1617127894662891,0.42442756721314356,1.2043462759801349,25.523718507548985,0.6996531236206303
8.866666666666667,0.48772598701674513,3.2337876888892008,3.2703607530703422,0.7565240732923065,0.13191051160943362,0.7834304651419719,2.3965663994740893,0.1576117160909406,0.4336311303403295,1.2197171627257788,21.86334978719495,0.7007147146233899
8.9,0.4626373966331416,3.2311549258457766,3.2641071544269065,0.7569812344415198,0.13293384471811737,0.7878473847219657,2.394619092238491,0.15348702102542955,0.44464636691271553,1.2331627379841759,18.51442851879426,0.7017618328131611
8.933333333333334,0.43754878332394637,3.228381759463835,3.2578977458826226,0.75742930965902,0.13395553271730307,0.7922983835373454,2.3926732708500986,0.1501614530721025,0.4570883171449741,1.2446021232992204,15.556433840251,0.7027942587531086
8.966666666666667,0.4124612269373842,3.225468220746604,3.251733308064017,0.7578682050063017,0.1349755318508869,0.7967834058966471,2.3907289521466644,0.15658460959770404,0.47044891801402866,1.2539685258122497,13.057893360228736,0.7038117747501123
9.0,0.3873758096176594,3.222414348871557,3.245614618787979,0.7582978274199268,0.13599379971758294,0.8013023946762313,2.388786152440134,0.16726539689459163,0.48411353211366914,1.2612096440136835,11.07463640680194,0.7048141649330382
9.033333333333333,0.3622936157243165,3.219220191226334,3.239542452815507,0.7587180847346737,0.13701029526438224,0.8058552913653166,2.386844887519039,0.17749573676583796,0.4973864599389114,1.266287986038641,9.648389628704534,0.7058012153308885
9.066666666666666,0.337215731750552,3.215885803443638,3.233517581602177,0.7591288857066493,0.13802497877981465,0.8104420361107918,2.384905172650974,0.18699355360507086,0.510132713427884,1.269181096416277,8.805746716478353,0.7067727139507973
9.1,0.31214324624049156,3.212411249435094,3.22754077304543,0.7595301400363486,0.1390378118870217,0.8150625677617997,2.3829670225851425,0.19550124323655094,0.5244673529426584,1.2698816875182302,8.557543276444587,0.7077284508558269
9.133333333333333,0.2870772497054474,3.2087966014240465,3.22161279122879,0.7599217583916563,0.14004875753664806,0.819716823914087,2.3810304515549823,0.20279545693867396,0.5362254614733495,1.2683976717221783,8.898666844981765,0.7086682182425273
9.166666666666668,0.2620188345391698,3.205041939977284,3.215734396163125,0.7603036524307762,0.14105777999955935,0.8244047409541123,2.379095473280853,0.20869500871834445,0.5447419376040306,1.2647520895674467,9.808325935687861,0.7095918105182175
9.200000000000001,0.23696909493211046,3.2011473540356614,3.2099063435250663,0.7606757348250827,0.14206484485939364,0.8291262541029094,2.3771621009727926,0.21306694889768263,0.5494412969388915,1.2589829284178409,11.250788245784525,0.7104990243779542
9.233333333333334,0.2119291267847112,3.1971129409436174,3.2041293843927208,0.7610379192818798,0.14306991900495347,0.8338812974596997,2.3752303473333414,0.215830988350463,0.5567791011497017,1.2511428261021573,13.176576882274432,0.7113896588811388
9.266666666666667,0.18690002761973698,3.1929388064775526,3.1984042649787967,0.7613901205670608,0.14407297062244614,0.8386698040452456,2.3733002245604182,0.21696248093730464,0.5874981342096287,1.241298655338503,15.524087340764575,0.712263515527729
9.3,0.16188289649366944,3.1886250648730607,3.192731726361285,0.7617322545276571,0.14507396918757817,0.8434917058449456,2.3713717443502613,0.21649409518266927,0.6125825971418364,1.2295309877132208,18.221561146709416,0.7131203983340156
9.333333333333334,0.13687883390717887,3.1841718388509994,3.187112504211852,0.7620642381142668,0.14607288545751093,0.8483469338516602,2.3694449179004256,0.2145161634981273,0.6315975099013328,1.2159334402341775,21.18932907754428,0.7139601139079199
9.366666666666667,0.11188894171469317,3.1795792596423693,3.181547328522075,0.7623859894033514,0.14706969146268364,0.8532354181082693,2.3675197559128245,0.21117552415886998,0.644236800728321,1.2006119121497392,24.34222157824935,0.7147824715237757
9.4,0.0869143230330826,3.174847467012001,3.1760369233276897,0.7626974276193924,0.14806436049851002,0.8581570877499537,2.365596268596835,0.20667250361583644,0.6503187975631135,1.1836837237354112,27.59203890985653,0.7155872831965521
9.433333333333334,0.061956082149479653,3.1699766092810227,3.1705820064310153,0.762998473156897,0.14905686711695418,0.863111871046197,2.3636744656724376,0.2012555640995326,0.6497790921899795,1.1652766711628757,30.849979757468414,0.7163743637554842
9.466666666666667,0.037015324428254094,3.1649668433481004,3.1651832891217166,0.7632890476022423,0.15004718711799184,0.868099695442505,2.361754356373417,0.19521310812746095,0.6426614087047835,1.1455280118691222,34.028943866511135,0.7171435309170631
9.5,0.012093156217163427,3.1598183347094286,3.1598414758960867,0.7635690737553483,0.1510352975409619,0.873120487601838,2.35983594945059,0.19049514272291423,0.6291071836884161,1.124583393057165,37.04564918211905,0.7178946053573502
9.533333333333333,-0.01280931524730015,3.154531257477463,3.1545572641750295,0.7638384756511708,0.15202117665581408,0.8781741734457537,2.3579192531750928,0.20001346433863576,0.6093447777457609,1.1025957326012445,39.82253196302936,0.7186274107835796
9.566666666666666,-0.037690981935344904,3.1491057943983747,3.1493313440209287,0.7640971785810026,0.15300480395425733,0.883260678195255,2.3560042753416957,0.20682698666279897,0.5836795047843463,1.0797240575980076,42.28942253639549,0.7193417740050028
9.6,-0.06255073512007499,3.1435421368682186,3.1441643978535962,0.7643451091135738,0.1539861601408143,0.888379926411342,2.35409102327216,0.2106090691061011,0.5524858245568508,1.0561323022073976,44.38500306272666,0.7200375250029392
9.633333333333333,-0.08738746547442376,3.1378404849477968,3.139057100165505,0.7645821951159429,0.1549652271237858,0.8935318420352633,2.352179503818636,0.21112160222151588,0.5162029174392738,1.0319880643105521,46.05805364203331,0.7207144969999978
9.666666666666668,-0.11220006316880216,3.1320010473762037,3.134010117236497,0.764808365774166,0.1559419880061304,0.8987163484284653,2.350269723367085,0.20823067457555489,0.4942425884007844,1.0074613205285439,47.26848183500805,0.7213725265284239
9.700000000000001,-0.1369874179694387,3.1260240415830443,3.129024106848192,0.7650235516137369,0.156916427076263,0.903933368412235,2.348361687840743,0.20191403464329505,0.48231722611017713,0.9827231012812532,47.988115849745185,0.7220114534975394
9.733333333333334,-0.16174841933738768,3.1199096936993125,3.1240997179983037,0.7652276845197881,0.15788852979877607,0.9091828243070352,2.3464554027036146,0.19226042559156276,0.4695131910412935,0.9579441311179271,48.201232272962564,0.7226311212602347
9.766666666666667,-0.18648195652818103,3.1136582385669156,3.1192375906150858,0.7654206977570421,0.15885828280508824,0.914464637971529,2.3445508729639952,0.17946190287354602,0.45626825708214325,0.9332934434294499,47.90479097180987,0.7232313766784777
9.8,-0.21118691869209957,3.1072699197468316,3.1144383552721258,0.7656025259895056,0.15982567388402272,0.9197787308412905,2.342648103178019,0.16428058142441926,0.44303039490759566,0.9089369818718634,47.10836227122994,0.7238120701877996
9.833333333333334,-0.23586219497503866,3.1007449895258947,3.109702632903729,0.7657731052998954,0.16079069197231965,0.9251250239672009,2.340747097453241,0.16289813322191427,0.430244212440955,0.8850362029435502,45.83374916591424,0.7243730558607234
9.866666666666667,-0.2605066746199422,3.094083708922196,3.105031034521116,0.7659323732087876,0.16175332714508545,0.930503438053527,2.3388478594522386,0.16452709958201361,0.41833578560094387,0.861746695399981,44.11432308612059,0.7249141914690986
9.9,-0.28511924706878045,3.087286347689084,3.100424160929674,0.7660802686934823,0.1627135706061813,0.9359138934956795,2.336950392396243,0.16584617983446237,0.40769633846529196,0.83921683329011,41.994101007254194,0.7254353385453038
9.933333333333334,-0.30969880206504385,3.080353184317769,3.095882602447506,0.7662167322065727,0.16367141467855484,0.9413563104176513,2.3350546990687895,0.1663988429342571,0.39866575697221884,0.8175864812192054,39.526594274871826,0.7259363624422861
9.966666666666667,-0.3342442297567286,3.073284506038507,3.0914069386255214,0.7663417056942118,0.1646268527945162,0.94683060870913,2.333160781819396,0.1657578532949614,0.39151730594271006,0.7969857737072671,36.77345853914559,0.7264171323923985
10.0,-0.3587544207997842,3.0660806088203634,3.0869977379693103,0.7664551326140667,0.16557987948596162,0.9523367080622884,2.3312686425672595,0.1635644874997858,0.3864450205640192,0.7775339957802401,33.802973072950046,0.7268775215650044
10.033333333333333,-0.38322826646199876,3.058741797369554,3.0826555576630676,0.7665569579529534,0.1665304903745462,0.9578745280082449,2.3293782828049756,0.15956133707068632,0.38572879130620563,0.7593385996373917,30.688377574292666,0.7273174071228127
10.066666666666666,-0.40766465872729174,3.0512683851263414,3.0783809432958016,0.7666471282441425,0.16747868216180778,0.9634439879531977,2.3274897036022786,0.15361403532921192,0.39042023731770403,0.7424944023200107,27.506094089457314,0.7277366702769134
10.1,-0.4320624904003891,3.0436606942604945,3.074174428590099,0.7667255915843285,0.16842445261924374,0.9690450072142283,2.3256029056097995,0.14961292477148758,0.3975081607465195,0.7270830201970508,24.3338599823727,0.7281351963404797
10.133333333333333,-0.4564206552118501,3.0359190556652975,3.0700365351336925,0.7667922976502544,0.16936780057834191,0.9746775050547718,2.3237178890628454,0.16008104604194284,0.40668550856657815,0.7131726036834862,21.248796726834012,0.7285128747811035
10.166666666666668,-0.48073804792341945,3.028043808950103,3.0659677721140954,0.7668471977149834,0.17030872592056706,0.9803414007197568,2.321834653785194,0.1699817935482435,0.4175491663752504,0.7008179335058968,18.325442731681015,0.7288695992717369
10.200000000000001,-0.5050135644336746,3.0200353024314324,3.0619686360565677,0.766890244663813,0.17124722956730365,0.9860366134704088,2.3199531991929154,0.17910553774706517,0.4296164108244358,0.6900609215532404,15.633789343532566,0.7292052677402088
10.233333333333334,-0.5292461018839404,3.011893893122604,3.0580396105656615,0.7669213930098174,0.17218331346975585,0.9917630626187173,2.3180735242982005,0.1872589022280945,0.44234235343866113,0.6809315219765594,13.237376487344479,0.7295197824172819
10.266666666666667,-0.5534345587644414,3.003619946721904,3.054181166070619,0.7669405989090199,0.17311698059880573,0.9975206675615668,2.3161956277132156,0.19427385071807612,0.45513714923675785,0.6734490054379432,11.191522676640513,0.7298130498832291
10.3,-0.5775778350206612,2.995213837599279,3.0503937595748774,0.7669478201751796,0.1740482349348292,1.0033093478145274,2.314319507653968,0.2000152663018494,0.4673825199319266,0.66762349204717,9.541775738711662,0.7300849811128951
10.333333333333334,-0.6016748321598838,2.986675948781564,3.0466778344099463,0.7669430162941934,0.17497708145747068,1.0091290230453067,2.3124451619441997,0.20438636532790266,0.4830679775395036,0.6634575912260721,8.322669065155434,0.7303354915192218
10.366666666666667,-0.6257244533578802,2.978006671936229,3.0430338199939073,0.7669261484380989,0.17590352613537596,1.0149796131068582,2.3105725880192836,0.2073315511979248,0.4996377535862859,0.6609479723318787,7.556851407704162,0.7305645009952034
10.4,-0.6497256035657166,2.969206407353655,3.0394621315948047,0.7668971794786795,0.17682757591588322,1.020861038070149,2.308701782930154,0.20883661309706458,0.5139999098099299,0.6600866944144822,7.254629647701816,0.7307719339542548
10.433333333333334,-0.673677189616651,2.960275563927931,3.0359631700991727,0.7668560740006591,0.17774923871467166,1.0267732182565807,2.306832743347241,0.20892646400228365,0.5258995104991967,0.6608621550769721,7.413930461944172,0.7309577193689615
10.466666666666667,-0.6975781203330879,2.951214559136174,3.0325373217859606,0.7668027983144851,0.17866852340536715,1.0327160742700658,2.304965465564431,0.2076608501051994,0.5351152056439956,0.6632595695953497,8.020655246531312,0.7311217908081932
10.5,-0.7214273066335627,2.9420238190163803,3.029184958106105,0.7667373204686901,0.17958543980910394,1.0386895270287562,2.3030999455030465,0.20512862261078457,0.541468901932068,0.6672609525446683,9.049378172635068,0.7312640864725517
10.533333333333333,-0.7452236616397234,2.932703778143788,3.0259064354679848,0.7666596102618314,0.1804999986840416,1.0446934977964235,2.3012361787158384,0.20144123116657686,0.5448360478958931,0.6728446353621934,10.464323429669077,0.731384549228139
10.566666666666666,-0.7689661007832792,2.9232548796057816,3.0227020950290244,0.7665696392539967,0.1814122117148355,1.0507279082134884,2.2993741603910034,0.19672607914007423,0.5525045008137857,0.6799844055873141,12.220556483422744,0.7314831266386177
10.6,-0.7926535419128878,2.9136775749753125,3.019572262493657,0.7664673807778788,0.1823220915020596,1.0567926803276975,2.297513885356218,0.1911202892078172,0.560093792847642,0.6886483898090396,14.26533453454283,0.7315597709955505
10.633333333333333,-0.8162849054009468,2.9039723242828654,3.016517247917913,0.7663528099494074,0.18322965155158036,1.0628877366244491,2.2956553480826996,0.18476528534231118,0.5640895895936924,0.6987978186672286,16.539578677410105,0.7316144393469939
10.666666666666668,-0.839859114250262,2.8941395959869447,3.0135373455208265,0.7662259036779377,0.1841349062638784,1.069013000056761,2.2937985426892773,0.17780243014917718,0.5645506846229557,0.7103858088730028,18.979447618736046,0.7316470935243327
10.700000000000001,-0.8633750942005605,2.8841798669431147,3.0106328335029215,0.7660866406759907,0.1850378709233179,1.0751683940748822,2.2919434629464983,0.17036979072172787,0.5616080409686677,0.7233562785138028,21.518003727146027,0.731657700167337
10.733333333333334,-0.8868317738348167,2.8740936223715754,3.0078039738719626,0.7659350014685399,0.18593856168735973,1.081353842655547,2.290090102280748,0.16259996443288538,0.5554515148635698,0.7376430848368486,24.086962702216933,0.7316462307474259
10.766666666666667,-0.9102280846853636,2.8638813558232927,3.0050510122762053,0.7657709684018428,0.1868369955757168,1.0875692703308673,2.2882384537784004,0.16226088936911853,0.5463139952037491,0.7531694454634057,26.618507326644025,0.7316126615891236
10.8,-0.9335629613397554,2.8535435691446818,3.00237417784533,0.7655945256518113,0.18773319045944847,1.093814602216862,2.2863885101899863,0.16211750774404765,0.5344547017150998,0.7698476798362173,29.047125079452442,0.7315569738896931
10.833333333333334,-0.9568353415463515,2.8430807724408527,2.999773683039272,0.7654056592319205,0.18862716504999147,1.1000897640416225,2.284540263934395,0.1609968816763444,0.5201435109719887,0.7875792896249336,31.31140258117008,0.7314791537369383
10.866666666666667,-0.980044166319595,2.832493484037428,2.9972497235051265,0.7652043570006505,0.18951893888812438,1.1063946821731103,2.282693707103101,0.1588631195278416,0.5036479696383181,0.8062553833870592,33.35568369151272,0.7313791921251591
10.9,-1.0031883800449488,2.8217822304409346,2.994802477942314,0.7649906086684601,0.1904085323328619,1.1127292836465874,2.2808488314644215,0.15570408175386008,0.4852241302918172,0.8257574382546572,35.131482842026685,0.7312570849692529
10.933333333333334,-1.0262669305834646,2.8109475462977844,2.992432107976176,0.7647644058042894,0.19129596655027611,1.1190934961916716,2.2790056284677966,0.1515317384067204,0.4651116159851981,0.8459583755764096,36.598552317292096,0.7311128331169489
10.966666666666667,-1.0492787693759515,2.799989974351844,2.9901387580401604,0.7645257418415891,0.19218126350224082,1.1254872482590215,2.2771640892481124,0.14638110540695548,0.44353256044125544,0.8667239053062502,37.725538086426184,0.7309464423591726
11.0,-1.0722228515467156,2.788910065400614,2.9879225552667568,0.7642746120838755,0.19306444593509514,1.1319104690466422,2.2753242046300466,0.14030790220436373,0.4206934735275861,0.8879140630410558,38.49021522704002,0.7307579234385302
11.033333333333333,-1.0950981360068384,2.777708378250016,2.985783609387322,0.7640110137098083,0.19394553736822256,1.1383630885258125,2.2734859651324557,0.14209227012195158,0.39678879122017174,0.9093848097988344,38.87932636238604,0.7305472920559055
11.066666666666666,-1.1179035855569668,2.7663854796678113,2.983722012640928,0.7637349457777914,0.1948245620825412,1.144845037466629,2.2716493609727957,0.14711607681771766,0.38496534833135787,0.9309893484173893,38.887725727432674,0.7303145688751703
11.1,-1.1406381669895849,2.754941944335649,2.9817378396923573,0.7634464092300944,0.19570154510890117,1.1513562474631667,2.2698143820715835,0.15237206302584771,0.3879170143799262,0.9525746283402005,38.49912682610321,0.7300597795259988
11.133333333333335,-1.1633008511907346,2.743378354799761,2.9798311475593597,0.7631454068964949,0.1965765122163843,1.1578966509582482,2.2679810180568896,0.1577235783430031,0.3951516023956314,0.9739414336220636,37.657471422133014,0.7297829546047868
11.166666666666668,-1.185890613241161,2.731695301420323,2.978001975549272,0.7628319434974412,0.19744948990050162,1.1644661812678219,2.2661492582688854,0.16296449341772046,0.40728881477258694,0.9949216766547826,36.50627543747877,0.7294841296736746
11.200000000000001,-1.2084064325168489,2.7198933823194804,2.976250345205087,0.7625060256467343,0.1983205053712841,1.1710647726049463,2.264319091764422,0.1678545145166862,0.4240704757964334,1.0153834172843237,35.07501896189484,0.729163345257671
11.233333333333334,-1.2308472927889258,2.707973203328064,2.974576260261062,0.7621676618537316,0.19918958654126126,1.1776923601033729,2.262490507321663,0.17215185155224244,0.4447362655078476,1.0352005719280784,33.3922715222944,0.728820646839884
11.266666666666667,-1.2532121823229,2.695935377931004,2.9729797066079193,0.761816862525069,0.20005676201332295,1.1843488798407276,2.260663493444759,0.1756331333814285,0.4681269411022082,1.0542525669084957,31.49429977270529,0.728456084854852
11.3,-1.275500093977206,2.6837805272114554,2.9714606522677123,0.7614536399659061,0.20092206106845864,1.191034268861284,2.258838038368575,0.17811076154321348,0.49280399390072327,1.072424437511637,29.424544753228712,0.7280697146799912
11.333333333333334,-1.2977100253010296,2.6715092797936575,2.9700190473783876,0.7610780083806931,0.20178551365336914,1.1977484651983286,2.257014130063466,0.17944668159995636,0.5171775205399897,1.0896070784647203,27.23217888800739,0.7276615966251501
11.366666666666667,-1.3198409786313876,2.6591222717845304,2.9686548241880835,0.7606899838734607,0.2026471503679449,1.2044914078961033,2.2551917562401114,0.17956161479916333,0.5396266954732217,1.1056976891633723,24.970230188076663,0.7272317959202858
11.4,-1.3418919611894295,2.64662014671404,2.967367897059187,0.7602895844476358,0.20350700245260556,1.2112630370313375,2.2533709043544032,0.1784391170348466,0.5586038487790136,1.1206003879895574,22.693624902202302,0.7267803827012664
11.433333333333334,-1.3638619851759395,2.6340035554743264,2.966158162482144,0.759876830005384,0.2043651017754944,1.218063293734348,2.2515515616123887,0.1761242962753734,0.5779603537927676,1.1342269291586387,20.45736451727278,0.726307431993804
11.466666666666667,-1.385750067866008,2.6212731562576397,2.9650254990990437,0.7594517423464805,0.20522148081952246,1.224892120209712,2.249733714975279,0.17271758311170304,0.5919284552234765,1.1464974458011714,18.314912492630253,0.725813023695532
11.5,-1.4075552317028517,2.6084296144930743,2.9639697677369377,0.7590143451667126,0.2060761726692553,1.2317494597565044,2.247917351164521,0.16836451447635337,0.5983997718325882,1.1573411545766648,16.316777076723984,0.7252972425562312
11.533333333333333,-1.4292765043907492,2.5954736027821363,2.9629908114508763,0.7585646640558171,0.20692921099763723,1.2386352567880967,2.24610245666693,0.16951327122504833,0.596403717594868,1.1666969778136396,14.50925386028215,0.7247601781562213
11.566666666666666,-1.4509129189870729,2.582405800833158,2.962088455576628,0.7581027264949523,0.20778063005254577,1.245549456851507,2.2442890177398955,0.1827340883503341,0.592120336075274,1.17451405932255,12.933311571956091,0.7242019248829228
11.6,-1.4724635139933901,2.5692268953945714,2.9612625077930175,0.7576285618537124,0.2086304646431707,1.2524920066463003,2.242477020416654,0.19041277335891604,0.602525048269968,1.1807521648723645,11.62363077067321,0.7236225819056097
11.633333333333335,-1.4939273334456071,2.5559375801870723,2.9605127581938318,0.757142201386684,0.20947875012621042,1.2594628540430324,2.2406664505116387,0.1925557457897179,0.6013189555735645,1.185381967453455,10.607814052549529,0.7230222531483601
11.666666666666668,-1.5153034270031343,2.542538555834679,2.9598389793692053,0.75664367822955,0.2103255223918798,1.2664619481012274,2.2388572936259,0.18937322895926734,0.5893706421665007,1.1883852226084524,9.905776967563368,0.7224010472612251
11.700000000000001,-1.5365908500370469,2.5290305297947224,2.959240926496413,0.7561330273947439,0.21117081784972197,1.2734892390868866,2.237049535152611,0.18123979157397685,0.5675385402877428,1.1897548419438104,9.529314792082273,0.7217590775896249
11.733333333333334,-1.5577886637172207,2.5154142162867688,2.958718337439957,0.7556102857666599,0.21201467341421798,1.2805446784895198,2.2352431602826464,0.16864544452805552,0.536572008630195,1.189494873917365,9.481835782632547,0.721096462141998
11.766666666666667,-1.5788959350984146,2.501690336220514,2.9582709328608505,0.7550754920964229,0.21285712649018693,1.2876282190386934,2.2334381540102526,0.16964737333959534,0.49705153720345985,1.1876203997615264,9.758260884883226,0.7204133235557136
11.8,-1.5999117372052847,2.487859617122659,2.957898416334972,0.7545286869962218,0.21369821495797006,1.2947398147200884,2.2316345011388012,0.17316508602849567,0.4537998788413534,1.184157348781186,10.345107207170532,0.7197097890612691
11.833333333333334,-1.620835149116302,2.473922793062788,2.95760047448036,0.7539699129332119,0.2145379771583911,1.3018794207910578,2.22983218628663,0.1756233813318635,0.4640159243259995,1.179142232161279,11.220788031463474,0.7189859904447896
11.866666666666667,-1.6416652560465552,2.459880604578272,2.957376777093302,0.7533992142229924,0.21537645187748677,1.3090469937956812,2.2280311938929787,0.17702272415424247,0.4760996479957622,1.1726217899210098,12.356167827100958,0.7182420640088552
11.9,-1.662401149429418,2.44573379859823,2.957226977293082,0.7528166370226628,0.21621367833099958,1.3162424915793034,2.2262315082240214,0.17738506417004074,0.48649613791644464,1.1646525443983005,13.715402528432879,0.7174781505316706
11.933333333333334,-1.683041926997059,2.431483128366549,2.957150711675202,0.752222229323464,0.21704969614862568,1.323465873302553,2.2244331133789936,0.17675365279572908,0.4950268760866936,1.1553002576926936,15.25707225836638,0.7166943952246032
11.966666666666667,-1.703586692859774,2.417129353364003,2.9571476004729265,0.7516160409430115,0.2178845453580112,1.3307170994548294,2.2226359932964193,0.17519200145231584,0.5015529168041509,1.1446393000456991,16.93557822464419,0.7158909476881099
12.0,-1.7240345575841267,2.402673239229487,2.957217247726959,0.7509981235171235,0.21871826636848937,1.3379961318672526,2.2208401317604465,0.17299257184521177,0.505979436757303,1.1327519487845996,18.702734556860435,0.7150679618660787
